f1,f2,pair,ls,T_src,T_steam,COP,eta_Lorenz,component,PEC_1MW [EUR],PEC_1MW [EUR/kW]
R1270,R600,R1270/R600,0.3,20.0,110.0,1.92,0.473,COMP1,183532.4,183.53
R1270,R600,R1270/R600,0.3,20.0,110.0,1.92,0.473,COMP2,395583.3,395.58
R1270,R600,R1270/R600,0.3,20.0,110.0,1.92,0.473,IHX,88546.3,88.55
R1270,R600,R1270/R600,0.3,20.0,110.0,1.92,0.473,MOT1,0.0,0.0
R1270,R600,R1270/R600,0.3,20.0,110.0,1.92,0.473,MOT2,0.0,0.0
R1270,R600,R1270/R600,0.3,20.0,110.0,1.92,0.473,SNK_HX,279355.7,279.36
R1270,R600,R1270/R600,0.3,20.0,110.0,1.92,0.473,SNK_PUMP,97183.0,97.18
R1270,R600,R1270/R600,0.3,20.0,110.0,1.92,0.473,SRC_HX,99802.3,99.8
R1270,R600,R1270/R600,0.3,20.0,110.0,1.92,0.473,SRC_PUMP,97726.8,97.73
R1270,R600,R1270/R600,0.3,30.0,110.0,2.087,0.462,COMP1,166943.8,166.94
R1270,R600,R1270/R600,0.3,30.0,110.0,2.087,0.462,COMP2,344871.1,344.87
R1270,R600,R1270/R600,0.3,30.0,110.0,2.087,0.462,IHX,96790.6,96.79
R1270,R600,R1270/R600,0.3,30.0,110.0,2.087,0.462,MOT1,0.0,0.0
R1270,R600,R1270/R600,0.3,30.0,110.0,2.087,0.462,MOT2,0.0,0.0
R1270,R600,R1270/R600,0.3,30.0,110.0,2.087,0.462,SNK_HX,279355.7,279.36
R1270,R600,R1270/R600,0.3,30.0,110.0,2.087,0.462,SNK_PUMP,97183.0,97.18
R1270,R600,R1270/R600,0.3,30.0,110.0,2.087,0.462,SRC_HX,103408.4,103.41
R1270,R600,R1270/R600,0.3,30.0,110.0,2.087,0.462,SRC_PUMP,97728.3,97.73
R1270,R600,R1270/R600,0.3,40.0,110.0,2.276,0.447,COMP1,153356.9,153.36
R1270,R600,R1270/R600,0.3,40.0,110.0,2.276,0.447,COMP2,301943.2,301.94
R1270,R600,R1270/R600,0.3,40.0,110.0,2.276,0.447,IHX,104505.5,104.51
R1270,R600,R1270/R600,0.3,40.0,110.0,2.276,0.447,MOT1,0.0,0.0
R1270,R600,R1270/R600,0.3,40.0,110.0,2.276,0.447,MOT2,0.0,0.0
R1270,R600,R1270/R600,0.3,40.0,110.0,2.276,0.447,SNK_HX,273693.5,273.69
R1270,R600,R1270/R600,0.3,40.0,110.0,2.276,0.447,SNK_PUMP,97183.0,97.18
R1270,R600,R1270/R600,0.3,40.0,110.0,2.276,0.447,SRC_HX,106584.3,106.58
R1270,R600,R1270/R600,0.3,40.0,110.0,2.276,0.447,SRC_PUMP,97730.2,97.73
R1270,R600,R1270/R600,0.3,50.0,110.0,2.489,0.425,COMP1,142404.9,142.4
R1270,R600,R1270/R600,0.3,50.0,110.0,2.489,0.425,COMP2,265347.3,265.35
R1270,R600,R1270/R600,0.3,50.0,110.0,2.489,0.425,IHX,111590.7,111.59
R1270,R600,R1270/R600,0.3,50.0,110.0,2.489,0.425,MOT1,0.0,0.0
R1270,R600,R1270/R600,0.3,50.0,110.0,2.489,0.425,MOT2,0.0,0.0
R1270,R600,R1270/R600,0.3,50.0,110.0,2.489,0.425,SNK_HX,263768.7,263.77
R1270,R600,R1270/R600,0.3,50.0,110.0,2.489,0.425,SNK_PUMP,97183.0,97.18
R1270,R600,R1270/R600,0.3,50.0,110.0,2.489,0.425,SRC_HX,109372.6,109.37
R1270,R600,R1270/R600,0.3,50.0,110.0,2.489,0.425,SRC_PUMP,97732.6,97.73
R1270,R600,R1270/R600,0.4,20.0,110.0,1.942,0.479,COMP1,202153.7,202.15
R1270,R600,R1270/R600,0.4,20.0,110.0,1.942,0.479,COMP2,331882.1,331.88
R1270,R600,R1270/R600,0.4,20.0,110.0,1.942,0.479,IHX,91437.1,91.44
R1270,R600,R1270/R600,0.4,20.0,110.0,1.942,0.479,MOT1,0.0,0.0
R1270,R600,R1270/R600,0.4,20.0,110.0,1.942,0.479,MOT2,0.0,0.0
R1270,R600,R1270/R600,0.4,20.0,110.0,1.942,0.479,SNK_HX,279355.7,279.36
R1270,R600,R1270/R600,0.4,20.0,110.0,1.942,0.479,SNK_PUMP,97183.0,97.18
R1270,R600,R1270/R600,0.4,20.0,110.0,1.942,0.479,SRC_HX,100234.4,100.23
R1270,R600,R1270/R600,0.4,20.0,110.0,1.942,0.479,SRC_PUMP,97726.8,97.73
R1270,R600,R1270/R600,0.4,30.0,110.0,2.092,0.463,COMP1,182012.4,182.01
R1270,R600,R1270/R600,0.4,30.0,110.0,2.092,0.463,COMP2,296357.0,296.36
R1270,R600,R1270/R600,0.4,30.0,110.0,2.092,0.463,IHX,98818.8,98.82
R1270,R600,R1270/R600,0.4,30.0,110.0,2.092,0.463,MOT1,0.0,0.0
R1270,R600,R1270/R600,0.4,30.0,110.0,2.092,0.463,MOT2,0.0,0.0
R1270,R600,R1270/R600,0.4,30.0,110.0,2.092,0.463,SNK_HX,272283.8,272.28
R1270,R600,R1270/R600,0.4,30.0,110.0,2.092,0.463,SNK_PUMP,97183.0,97.18
R1270,R600,R1270/R600,0.4,30.0,110.0,2.092,0.463,SRC_HX,103494.2,103.49
R1270,R600,R1270/R600,0.4,30.0,110.0,2.092,0.463,SRC_PUMP,97728.3,97.73
R1270,R600,R1270/R600,0.4,40.0,110.0,2.26,0.443,COMP1,165804.1,165.8
R1270,R600,R1270/R600,0.4,40.0,110.0,2.26,0.443,COMP2,265347.3,265.35
R1270,R600,R1270/R600,0.4,40.0,110.0,2.26,0.443,IHX,105735.1,105.74
R1270,R600,R1270/R600,0.4,40.0,110.0,2.26,0.443,MOT1,0.0,0.0
R1270,R600,R1270/R600,0.4,40.0,110.0,2.26,0.443,MOT2,0.0,0.0
R1270,R600,R1270/R600,0.4,40.0,110.0,2.26,0.443,SNK_HX,263768.7,263.77
R1270,R600,R1270/R600,0.4,40.0,110.0,2.26,0.443,SNK_PUMP,97183.0,97.18
R1270,R600,R1270/R600,0.4,40.0,110.0,2.26,0.443,SRC_HX,106387.2,106.39
R1270,R600,R1270/R600,0.4,40.0,110.0,2.26,0.443,SRC_PUMP,97730.2,97.73
R1270,R600,R1270/R600,0.5,20.0,110.0,1.919,0.473,COMP1,222047.9,222.05
R1270,R600,R1270/R600,0.5,20.0,110.0,1.919,0.473,COMP2,280334.9,280.33
R1270,R600,R1270/R600,0.5,20.0,110.0,1.919,0.473,IHX,94064.8,94.06
R1270,R600,R1270/R600,0.5,20.0,110.0,1.919,0.473,MOT1,0.0,0.0
R1270,R600,R1270/R600,0.5,20.0,110.0,1.919,0.473,MOT2,0.0,0.0
R1270,R600,R1270/R600,0.5,20.0,110.0,1.919,0.473,SNK_HX,268029.1,268.03
R1270,R600,R1270/R600,0.5,20.0,110.0,1.919,0.473,SNK_PUMP,97183.0,97.18
R1270,R600,R1270/R600,0.5,20.0,110.0,1.919,0.473,SRC_HX,99790.8,99.79
R1270,R600,R1270/R600,0.5,20.0,110.0,1.919,0.473,SRC_PUMP,97726.8,97.73
R1270,R600,R1270/R600,0.5,30.0,110.0,2.051,0.454,COMP1,198460.8,198.46
R1270,R600,R1270/R600,0.5,30.0,110.0,2.051,0.454,COMP2,255889.2,255.89
R1270,R600,R1270/R600,0.5,30.0,110.0,2.051,0.454,IHX,100666.4,100.67
R1270,R600,R1270/R600,0.5,30.0,110.0,2.051,0.454,MOT1,0.0,0.0
R1270,R600,R1270/R600,0.5,30.0,110.0,2.051,0.454,MOT2,0.0,0.0
R1270,R600,R1270/R600,0.5,30.0,110.0,2.051,0.454,SNK_HX,260943.8,260.94
R1270,R600,R1270/R600,0.5,30.0,110.0,2.051,0.454,SNK_PUMP,97183.0,97.18
R1270,R600,R1270/R600,0.5,30.0,110.0,2.051,0.454,SRC_HX,102840.9,102.84
R1270,R600,R1270/R600,0.5,30.0,110.0,2.051,0.454,SRC_PUMP,97728.3,97.73
R1270,R600a,R1270/R600a,0.3,20.0,110.0,1.801,0.443,COMP1,172399.2,172.4
R1270,R600a,R1270/R600a,0.3,20.0,110.0,1.801,0.443,COMP2,362423.6,362.42
R1270,R600a,R1270/R600a,0.3,20.0,110.0,1.801,0.443,IHX,74667.6,74.67
R1270,R600a,R1270/R600a,0.3,20.0,110.0,1.801,0.443,MOT1,0.0,0.0
R1270,R600a,R1270/R600a,0.3,20.0,110.0,1.801,0.443,MOT2,0.0,0.0
R1270,R600a,R1270/R600a,0.3,20.0,110.0,1.801,0.443,SNK_HX,222601.3,222.6
R1270,R600a,R1270/R600a,0.3,20.0,110.0,1.801,0.443,SNK_PUMP,97183.0,97.18
R1270,R600a,R1270/R600a,0.3,20.0,110.0,1.801,0.443,SRC_HX,97224.4,97.22
R1270,R600a,R1270/R600a,0.3,20.0,110.0,1.801,0.443,SRC_PUMP,97726.8,97.73
R1270,R600a,R1270/R600a,0.3,30.0,110.0,1.966,0.434,COMP1,158895.7,158.9
R1270,R600a,R1270/R600a,0.3,30.0,110.0,1.966,0.434,COMP2,317218.6,317.22
R1270,R600a,R1270/R600a,0.3,30.0,110.0,1.966,0.434,IHX,82496.5,82.5
R1270,R600a,R1270/R600a,0.3,30.0,110.0,1.966,0.434,MOT1,0.0,0.0
R1270,R600a,R1270/R600a,0.3,30.0,110.0,1.966,0.434,MOT2,0.0,0.0
R1270,R600a,R1270/R600a,0.3,30.0,110.0,1.966,0.434,SNK_HX,218027.5,218.03
R1270,R600a,R1270/R600a,0.3,30.0,110.0,1.966,0.434,SNK_PUMP,97183.0,97.18
R1270,R600a,R1270/R600a,0.3,30.0,110.0,1.966,0.434,SRC_HX,101371.5,101.37
R1270,R600a,R1270/R600a,0.3,30.0,110.0,1.966,0.434,SRC_PUMP,97728.3,97.73
R1270,R600a,R1270/R600a,0.3,40.0,110.0,2.156,0.422,COMP1,147549.4,147.55
R1270,R600a,R1270/R600a,0.3,40.0,110.0,2.156,0.422,COMP2,278552.0,278.55
R1270,R600a,R1270/R600a,0.3,40.0,110.0,2.156,0.422,IHX,89843.1,89.84
R1270,R600a,R1270/R600a,0.3,40.0,110.0,2.156,0.422,MOT1,0.0,0.0
R1270,R600a,R1270/R600a,0.3,40.0,110.0,2.156,0.422,MOT2,0.0,0.0
R1270,R600a,R1270/R600a,0.3,40.0,110.0,2.156,0.422,SNK_HX,213051.4,213.05
R1270,R600a,R1270/R600a,0.3,40.0,110.0,2.156,0.422,SNK_PUMP,97183.0,97.18
R1270,R600a,R1270/R600a,0.3,40.0,110.0,2.156,0.422,SRC_HX,104991.7,104.99
R1270,R600a,R1270/R600a,0.3,40.0,110.0,2.156,0.422,SRC_PUMP,97730.2,97.73
R1270,R600a,R1270/R600a,0.3,50.0,110.0,2.371,0.404,COMP1,138235.2,138.24
R1270,R600a,R1270/R600a,0.3,50.0,110.0,2.371,0.404,COMP2,245293.7,245.29
R1270,R600a,R1270/R600a,0.3,50.0,110.0,2.371,0.404,IHX,96607.6,96.61
R1270,R600a,R1270/R600a,0.3,50.0,110.0,2.371,0.404,MOT1,0.0,0.0
R1270,R600a,R1270/R600a,0.3,50.0,110.0,2.371,0.404,MOT2,0.0,0.0
R1270,R600a,R1270/R600a,0.3,50.0,110.0,2.371,0.404,SNK_HX,207965.9,207.97
R1270,R600a,R1270/R600a,0.3,50.0,110.0,2.371,0.404,SNK_PUMP,97183.0,97.18
R1270,R600a,R1270/R600a,0.3,50.0,110.0,2.371,0.404,SRC_HX,108146.1,108.15
R1270,R600a,R1270/R600a,0.3,50.0,110.0,2.371,0.404,SRC_PUMP,97732.6,97.73
R1270,R600a,R1270/R600a,0.4,20.0,110.0,1.85,0.455,COMP1,193082.2,193.08
R1270,R600a,R1270/R600a,0.4,20.0,110.0,1.85,0.455,COMP2,305558.0,305.56
R1270,R600a,R1270/R600a,0.4,20.0,110.0,1.85,0.455,IHX,78076.5,78.08
R1270,R600a,R1270/R600a,0.4,20.0,110.0,1.85,0.455,MOT1,0.0,0.0
R1270,R600a,R1270/R600a,0.4,20.0,110.0,1.85,0.455,MOT2,0.0,0.0
R1270,R600a,R1270/R600a,0.4,20.0,110.0,1.85,0.455,SNK_HX,216633.0,216.63
R1270,R600a,R1270/R600a,0.4,20.0,110.0,1.85,0.455,SNK_PUMP,97183.0,97.18
R1270,R600a,R1270/R600a,0.4,20.0,110.0,1.85,0.455,SRC_HX,98351.7,98.35
R1270,R600a,R1270/R600a,0.4,20.0,110.0,1.85,0.455,SRC_PUMP,97726.8,97.73
R1270,R600a,R1270/R600a,0.4,30.0,110.0,2.0,0.442,COMP1,175393.1,175.39
R1270,R600a,R1270/R600a,0.4,30.0,110.0,2.0,0.442,COMP2,273493.1,273.49
R1270,R600a,R1270/R600a,0.4,30.0,110.0,2.0,0.442,IHX,84992.1,84.99
R1270,R600a,R1270/R600a,0.4,30.0,110.0,2.0,0.442,MOT1,0.0,0.0
R1270,R600a,R1270/R600a,0.4,30.0,110.0,2.0,0.442,MOT2,0.0,0.0
R1270,R600a,R1270/R600a,0.4,30.0,110.0,2.0,0.442,SNK_HX,212325.6,212.33
R1270,R600a,R1270/R600a,0.4,30.0,110.0,2.0,0.442,SNK_PUMP,97183.0,97.18
R1270,R600a,R1270/R600a,0.4,30.0,110.0,2.0,0.442,SRC_HX,101973.2,101.97
R1270,R600a,R1270/R600a,0.4,30.0,110.0,2.0,0.442,SRC_PUMP,97728.3,97.73
R1270,R600a,R1270/R600a,0.4,40.0,110.0,2.169,0.425,COMP1,160974.8,160.97
R1270,R600a,R1270/R600a,0.4,40.0,110.0,2.169,0.425,COMP2,245293.7,245.29
R1270,R600a,R1270/R600a,0.4,40.0,110.0,2.169,0.425,IHX,91491.5,91.49
R1270,R600a,R1270/R600a,0.4,40.0,110.0,2.169,0.425,MOT1,0.0,0.0
R1270,R600a,R1270/R600a,0.4,40.0,110.0,2.169,0.425,MOT2,0.0,0.0
R1270,R600a,R1270/R600a,0.4,40.0,110.0,2.169,0.425,SNK_HX,207965.9,207.97
R1270,R600a,R1270/R600a,0.4,40.0,110.0,2.169,0.425,SNK_PUMP,97183.0,97.18
R1270,R600a,R1270/R600a,0.4,40.0,110.0,2.169,0.425,SRC_HX,105172.0,105.17
R1270,R600a,R1270/R600a,0.4,40.0,110.0,2.169,0.425,SRC_PUMP,97730.2,97.73
R1270,R600a,R1270/R600a,0.5,20.0,110.0,1.854,0.456,COMP1,214857.5,214.86
R1270,R600a,R1270/R600a,0.5,20.0,110.0,1.854,0.456,COMP2,258948.0,258.95
R1270,R600a,R1270/R600a,0.5,20.0,110.0,1.854,0.456,IHX,81106.6,81.11
R1270,R600a,R1270/R600a,0.5,20.0,110.0,1.854,0.456,MOT1,0.0,0.0
R1270,R600a,R1270/R600a,0.5,20.0,110.0,1.854,0.456,MOT2,0.0,0.0
R1270,R600a,R1270/R600a,0.5,20.0,110.0,1.854,0.456,SNK_HX,210143.1,210.14
R1270,R600a,R1270/R600a,0.5,20.0,110.0,1.854,0.456,SNK_PUMP,97183.0,97.18
R1270,R600a,R1270/R600a,0.5,20.0,110.0,1.854,0.456,SRC_HX,98446.6,98.45
R1270,R600a,R1270/R600a,0.5,20.0,110.0,1.854,0.456,SRC_PUMP,97726.8,97.73
R1270,R600a,R1270/R600a,0.5,30.0,110.0,1.986,0.439,COMP1,193147.6,193.15
R1270,R600a,R1270/R600a,0.5,30.0,110.0,1.986,0.439,COMP2,236652.6,236.65
R1270,R600a,R1270/R600a,0.5,30.0,110.0,1.986,0.439,IHX,87215.1,87.22
R1270,R600a,R1270/R600a,0.5,30.0,110.0,1.986,0.439,MOT1,0.0,0.0
R1270,R600a,R1270/R600a,0.5,30.0,110.0,1.986,0.439,MOT2,0.0,0.0
R1270,R600a,R1270/R600a,0.5,30.0,110.0,1.986,0.439,SNK_HX,206526.6,206.53
R1270,R600a,R1270/R600a,0.5,30.0,110.0,1.986,0.439,SNK_PUMP,97183.0,97.18
R1270,R600a,R1270/R600a,0.5,30.0,110.0,1.986,0.439,SRC_HX,101730.8,101.73
R1270,R600a,R1270/R600a,0.5,30.0,110.0,1.986,0.439,SRC_PUMP,97728.3,97.73
R290,R600,R290/R600,0.3,20.0,110.0,1.92,0.474,COMP1,211566.4,211.57
R290,R600,R290/R600,0.3,20.0,110.0,1.92,0.474,COMP2,395583.3,395.58
R290,R600,R290/R600,0.3,20.0,110.0,1.92,0.474,IHX,99864.5,99.86
R290,R600,R290/R600,0.3,20.0,110.0,1.92,0.474,MOT1,0.0,0.0
R290,R600,R290/R600,0.3,20.0,110.0,1.92,0.474,MOT2,0.0,0.0
R290,R600,R290/R600,0.3,20.0,110.0,1.92,0.474,SNK_HX,279355.7,279.36
R290,R600,R290/R600,0.3,20.0,110.0,1.92,0.474,SNK_PUMP,97183.0,97.18
R290,R600,R290/R600,0.3,20.0,110.0,1.92,0.474,SRC_HX,99020.7,99.02
R290,R600,R290/R600,0.3,20.0,110.0,1.92,0.474,SRC_PUMP,97726.8,97.73
R290,R600,R290/R600,0.3,30.0,110.0,2.091,0.463,COMP1,191169.9,191.17
R290,R600,R290/R600,0.3,30.0,110.0,2.091,0.463,COMP2,344871.1,344.87
R290,R600,R290/R600,0.3,30.0,110.0,2.091,0.463,IHX,109101.5,109.1
R290,R600,R290/R600,0.3,30.0,110.0,2.091,0.463,MOT1,0.0,0.0
R290,R600,R290/R600,0.3,30.0,110.0,2.091,0.463,MOT2,0.0,0.0
R290,R600,R290/R600,0.3,30.0,110.0,2.091,0.463,SNK_HX,279355.7,279.36
R290,R600,R290/R600,0.3,30.0,110.0,2.091,0.463,SNK_PUMP,97183.0,97.18
R290,R600,R290/R600,0.3,30.0,110.0,2.091,0.463,SRC_HX,102837.3,102.84
R290,R600,R290/R600,0.3,30.0,110.0,2.091,0.463,SRC_PUMP,97728.3,97.73
R290,R600,R290/R600,0.3,40.0,110.0,2.285,0.449,COMP1,174424.9,174.42
R290,R600,R290/R600,0.3,40.0,110.0,2.285,0.449,COMP2,301943.2,301.94
R290,R600,R290/R600,0.3,40.0,110.0,2.285,0.449,IHX,117493.9,117.49
R290,R600,R290/R600,0.3,40.0,110.0,2.285,0.449,MOT1,0.0,0.0
R290,R600,R290/R600,0.3,40.0,110.0,2.285,0.449,MOT2,0.0,0.0
R290,R600,R290/R600,0.3,40.0,110.0,2.285,0.449,SNK_HX,273693.5,273.69
R290,R600,R290/R600,0.3,40.0,110.0,2.285,0.449,SNK_PUMP,97183.0,97.18
R290,R600,R290/R600,0.3,40.0,110.0,2.285,0.449,SRC_HX,106192.9,106.19
R290,R600,R290/R600,0.3,40.0,110.0,2.285,0.449,SRC_PUMP,97730.2,97.73
R290,R600,R290/R600,0.3,50.0,110.0,2.508,0.429,COMP1,160754.3,160.75
R290,R600,R290/R600,0.3,50.0,110.0,2.508,0.429,COMP2,265347.3,265.35
R290,R600,R290/R600,0.3,50.0,110.0,2.508,0.429,IHX,124859.7,124.86
R290,R600,R290/R600,0.3,50.0,110.0,2.508,0.429,MOT1,0.0,0.0
R290,R600,R290/R600,0.3,50.0,110.0,2.508,0.429,MOT2,0.0,0.0
R290,R600,R290/R600,0.3,50.0,110.0,2.508,0.429,SNK_HX,263768.7,263.77
R290,R600,R290/R600,0.3,50.0,110.0,2.508,0.429,SNK_PUMP,97183.0,97.18
R290,R600,R290/R600,0.3,50.0,110.0,2.508,0.429,SRC_HX,109149.9,109.15
R290,R600,R290/R600,0.3,50.0,110.0,2.508,0.429,SRC_PUMP,97732.6,97.73
R290,R600,R290/R600,0.3,60.0,110.0,2.759,0.402,COMP1,149839.0,149.84
R290,R600,R290/R600,0.3,60.0,110.0,2.759,0.402,COMP2,233949.1,233.95
R290,R600,R290/R600,0.3,60.0,110.0,2.759,0.402,IHX,131151.2,131.15
R290,R600,R290/R600,0.3,60.0,110.0,2.759,0.402,MOT1,0.0,0.0
R290,R600,R290/R600,0.3,60.0,110.0,2.759,0.402,MOT2,0.0,0.0
R290,R600,R290/R600,0.3,60.0,110.0,2.759,0.402,SNK_HX,254003.3,254.0
R290,R600,R290/R600,0.3,60.0,110.0,2.759,0.402,SNK_PUMP,97183.0,97.18
R290,R600,R290/R600,0.3,60.0,110.0,2.759,0.402,SRC_HX,111745.3,111.75
R290,R600,R290/R600,0.3,60.0,110.0,2.759,0.402,SRC_PUMP,97735.4,97.74
R290,R600,R290/R600,0.4,20.0,110.0,1.943,0.479,COMP1,233696.0,233.7
R290,R600,R290/R600,0.4,20.0,110.0,1.943,0.479,COMP2,331882.1,331.88
R290,R600,R290/R600,0.4,20.0,110.0,1.943,0.479,IHX,104498.0,104.5
R290,R600,R290/R600,0.4,20.0,110.0,1.943,0.479,MOT1,0.0,0.0
R290,R600,R290/R600,0.4,20.0,110.0,1.943,0.479,MOT2,0.0,0.0
R290,R600,R290/R600,0.4,20.0,110.0,1.943,0.479,SNK_HX,279355.7,279.36
R290,R600,R290/R600,0.4,20.0,110.0,1.943,0.479,SNK_PUMP,97183.0,97.18
R290,R600,R290/R600,0.4,20.0,110.0,1.943,0.479,SRC_HX,99467.2,99.47
R290,R600,R290/R600,0.4,20.0,110.0,1.943,0.479,SRC_PUMP,97726.8,97.73
R290,R600,R290/R600,0.4,30.0,110.0,2.098,0.465,COMP1,208872.8,208.87
R290,R600,R290/R600,0.4,30.0,110.0,2.098,0.465,COMP2,296357.0,296.36
R290,R600,R290/R600,0.4,30.0,110.0,2.098,0.465,IHX,112651.2,112.65
R290,R600,R290/R600,0.4,30.0,110.0,2.098,0.465,MOT1,0.0,0.0
R290,R600,R290/R600,0.4,30.0,110.0,2.098,0.465,MOT2,0.0,0.0
R290,R600,R290/R600,0.4,30.0,110.0,2.098,0.465,SNK_HX,272283.8,272.28
R290,R600,R290/R600,0.4,30.0,110.0,2.098,0.465,SNK_PUMP,97183.0,97.18
R290,R600,R290/R600,0.4,30.0,110.0,2.098,0.465,SRC_HX,102959.1,102.96
R290,R600,R290/R600,0.4,30.0,110.0,2.098,0.465,SRC_PUMP,97728.3,97.73
R290,R600,R290/R600,0.4,40.0,110.0,2.274,0.446,COMP1,188821.7,188.82
R290,R600,R290/R600,0.4,40.0,110.0,2.274,0.446,COMP2,265347.3,265.35
R290,R600,R290/R600,0.4,40.0,110.0,2.274,0.446,IHX,119967.4,119.97
R290,R600,R290/R600,0.4,40.0,110.0,2.274,0.446,MOT1,0.0,0.0
R290,R600,R290/R600,0.4,40.0,110.0,2.274,0.446,MOT2,0.0,0.0
R290,R600,R290/R600,0.4,40.0,110.0,2.274,0.446,SNK_HX,263768.7,263.77
R290,R600,R290/R600,0.4,40.0,110.0,2.274,0.446,SNK_PUMP,97183.0,97.18
R290,R600,R290/R600,0.4,40.0,110.0,2.274,0.446,SRC_HX,106057.9,106.06
R290,R600,R290/R600,0.4,40.0,110.0,2.274,0.446,SRC_PUMP,97730.2,97.73
R290,R600,R290/R600,0.4,50.0,110.0,2.474,0.423,COMP1,172647.3,172.65
R290,R600,R290/R600,0.4,50.0,110.0,2.474,0.423,COMP2,238152.6,238.15
R290,R600,R290/R600,0.4,50.0,110.0,2.474,0.423,IHX,126356.7,126.36
R290,R600,R290/R600,0.4,50.0,110.0,2.474,0.423,MOT1,0.0,0.0
R290,R600,R290/R600,0.4,50.0,110.0,2.474,0.423,MOT2,0.0,0.0
R290,R600,R290/R600,0.4,50.0,110.0,2.474,0.423,SNK_HX,255373.4,255.37
R290,R600,R290/R600,0.4,50.0,110.0,2.474,0.423,SNK_PUMP,97183.0,97.18
R290,R600,R290/R600,0.4,50.0,110.0,2.474,0.423,SRC_HX,108812.7,108.81
R290,R600,R290/R600,0.4,50.0,110.0,2.474,0.423,SRC_PUMP,97732.6,97.73
R290,R600,R290/R600,0.4,60.0,110.0,2.696,0.392,COMP1,159799.8,159.8
R290,R600,R290/R600,0.4,60.0,110.0,2.696,0.392,COMP2,214199.2,214.2
R290,R600,R290/R600,0.4,60.0,110.0,2.696,0.392,IHX,131852.9,131.85
R290,R600,R290/R600,0.4,60.0,110.0,2.696,0.392,MOT1,0.0,0.0
R290,R600,R290/R600,0.4,60.0,110.0,2.696,0.392,MOT2,0.0,0.0
R290,R600,R290/R600,0.4,60.0,110.0,2.696,0.392,SNK_HX,247332.3,247.33
R290,R600,R290/R600,0.4,60.0,110.0,2.696,0.392,SNK_PUMP,97183.0,97.18
R290,R600,R290/R600,0.4,60.0,110.0,2.696,0.392,SRC_HX,111250.7,111.25
R290,R600,R290/R600,0.4,60.0,110.0,2.696,0.392,SRC_PUMP,97735.4,97.74
R290,R600,R290/R600,0.5,20.0,110.0,1.922,0.474,COMP1,257389.3,257.39
R290,R600,R290/R600,0.5,20.0,110.0,1.922,0.474,COMP2,280334.9,280.33
R290,R600,R290/R600,0.5,20.0,110.0,1.922,0.474,IHX,108670.8,108.67
R290,R600,R290/R600,0.5,20.0,110.0,1.922,0.474,MOT1,0.0,0.0
R290,R600,R290/R600,0.5,20.0,110.0,1.922,0.474,MOT2,0.0,0.0
R290,R600,R290/R600,0.5,20.0,110.0,1.922,0.474,SNK_HX,268029.1,268.03
R290,R600,R290/R600,0.5,20.0,110.0,1.922,0.474,SNK_PUMP,97183.0,97.18
R290,R600,R290/R600,0.5,20.0,110.0,1.922,0.474,SRC_HX,99044.2,99.04
R290,R600,R290/R600,0.5,20.0,110.0,1.922,0.474,SRC_PUMP,97726.8,97.73
R290,R600,R290/R600,0.5,30.0,110.0,2.061,0.456,COMP1,228168.3,228.17
R290,R600,R290/R600,0.5,30.0,110.0,2.061,0.456,COMP2,255889.2,255.89
R290,R600,R290/R600,0.5,30.0,110.0,2.061,0.456,IHX,115784.7,115.78
R290,R600,R290/R600,0.5,30.0,110.0,2.061,0.456,MOT1,0.0,0.0
R290,R600,R290/R600,0.5,30.0,110.0,2.061,0.456,MOT2,0.0,0.0
R290,R600,R290/R600,0.5,30.0,110.0,2.061,0.456,SNK_HX,260943.8,260.94
R290,R600,R290/R600,0.5,30.0,110.0,2.061,0.456,SNK_PUMP,97183.0,97.18
R290,R600,R290/R600,0.5,30.0,110.0,2.061,0.456,SRC_HX,102364.8,102.36
R290,R600,R290/R600,0.5,30.0,110.0,2.061,0.456,SRC_PUMP,97728.3,97.73
R290,R600,R290/R600,0.5,40.0,110.0,2.218,0.435,COMP1,204774.2,204.77
R290,R600,R290/R600,0.5,40.0,110.0,2.218,0.435,COMP2,233949.1,233.95
R290,R600,R290/R600,0.5,40.0,110.0,2.218,0.435,IHX,122105.2,122.11
R290,R600,R290/R600,0.5,40.0,110.0,2.218,0.435,MOT1,0.0,0.0
R290,R600,R290/R600,0.5,40.0,110.0,2.218,0.435,MOT2,0.0,0.0
R290,R600,R290/R600,0.5,40.0,110.0,2.218,0.435,SNK_HX,254003.3,254.0
R290,R600,R290/R600,0.5,40.0,110.0,2.218,0.435,SNK_PUMP,97183.0,97.18
R290,R600,R290/R600,0.5,40.0,110.0,2.218,0.435,SRC_HX,105330.3,105.33
R290,R600,R290/R600,0.5,40.0,110.0,2.218,0.435,SRC_PUMP,97730.2,97.73
R290,R600,R290/R600,0.5,50.0,110.0,2.394,0.408,COMP1,186004.3,186.0
R290,R600,R290/R600,0.5,50.0,110.0,2.394,0.408,COMP2,214199.2,214.2
R290,R600,R290/R600,0.5,50.0,110.0,2.394,0.408,IHX,127620.6,127.62
R290,R600,R290/R600,0.5,50.0,110.0,2.394,0.408,MOT1,0.0,0.0
R290,R600,R290/R600,0.5,50.0,110.0,2.394,0.408,MOT2,0.0,0.0
R290,R600,R290/R600,0.5,50.0,110.0,2.394,0.408,SNK_HX,247332.3,247.33
R290,R600,R290/R600,0.5,50.0,110.0,2.394,0.408,SNK_PUMP,97183.0,97.18
R290,R600,R290/R600,0.5,50.0,110.0,2.394,0.408,SRC_HX,107984.3,107.98
R290,R600,R290/R600,0.5,50.0,110.0,2.394,0.408,SRC_PUMP,97732.6,97.73
R290,R600a,R290/R600a,0.3,20.0,110.0,1.801,0.443,COMP1,198622.2,198.62
R290,R600a,R290/R600a,0.3,20.0,110.0,1.801,0.443,COMP2,362423.6,362.42
R290,R600a,R290/R600a,0.3,20.0,110.0,1.801,0.443,IHX,84259.4,84.26
R290,R600a,R290/R600a,0.3,20.0,110.0,1.801,0.443,MOT1,0.0,0.0
R290,R600a,R290/R600a,0.3,20.0,110.0,1.801,0.443,MOT2,0.0,0.0
R290,R600a,R290/R600a,0.3,20.0,110.0,1.801,0.443,SNK_HX,222601.3,222.6
R290,R600a,R290/R600a,0.3,20.0,110.0,1.801,0.443,SNK_PUMP,97183.0,97.18
R290,R600a,R290/R600a,0.3,20.0,110.0,1.801,0.443,SRC_HX,96435.4,96.44
R290,R600a,R290/R600a,0.3,20.0,110.0,1.801,0.443,SRC_PUMP,97726.8,97.73
R290,R600a,R290/R600a,0.3,30.0,110.0,1.97,0.435,COMP1,181869.2,181.87
R290,R600a,R290/R600a,0.3,30.0,110.0,1.97,0.435,COMP2,317218.6,317.22
R290,R600a,R290/R600a,0.3,30.0,110.0,1.97,0.435,IHX,93032.4,93.03
R290,R600a,R290/R600a,0.3,30.0,110.0,1.97,0.435,MOT1,0.0,0.0
R290,R600a,R290/R600a,0.3,30.0,110.0,1.97,0.435,MOT2,0.0,0.0
R290,R600a,R290/R600a,0.3,30.0,110.0,1.97,0.435,SNK_HX,218027.5,218.03
R290,R600a,R290/R600a,0.3,30.0,110.0,1.97,0.435,SNK_PUMP,97183.0,97.18
R290,R600a,R290/R600a,0.3,30.0,110.0,1.97,0.435,SRC_HX,100794.6,100.79
R290,R600a,R290/R600a,0.3,30.0,110.0,1.97,0.435,SRC_PUMP,97728.3,97.73
R290,R600a,R290/R600a,0.3,40.0,110.0,2.164,0.424,COMP1,167753.4,167.75
R290,R600a,R290/R600a,0.3,40.0,110.0,2.164,0.424,COMP2,278552.0,278.55
R290,R600a,R290/R600a,0.3,40.0,110.0,2.164,0.424,IHX,101047.2,101.05
R290,R600a,R290/R600a,0.3,40.0,110.0,2.164,0.424,MOT1,0.0,0.0
R290,R600a,R290/R600a,0.3,40.0,110.0,2.164,0.424,MOT2,0.0,0.0
R290,R600a,R290/R600a,0.3,40.0,110.0,2.164,0.424,SNK_HX,213051.4,213.05
R290,R600a,R290/R600a,0.3,40.0,110.0,2.164,0.424,SNK_PUMP,97183.0,97.18
R290,R600a,R290/R600a,0.3,40.0,110.0,2.164,0.424,SRC_HX,104595.8,104.6
R290,R600a,R290/R600a,0.3,40.0,110.0,2.164,0.424,SRC_PUMP,97730.2,97.73
R290,R600a,R290/R600a,0.3,50.0,110.0,2.388,0.407,COMP1,155994.1,155.99
R290,R600a,R290/R600a,0.3,50.0,110.0,2.388,0.407,COMP2,245293.7,245.29
R290,R600a,R290/R600a,0.3,50.0,110.0,2.388,0.407,IHX,108127.8,108.13
R290,R600a,R290/R600a,0.3,50.0,110.0,2.388,0.407,MOT1,0.0,0.0
R290,R600a,R290/R600a,0.3,50.0,110.0,2.388,0.407,MOT2,0.0,0.0
R290,R600a,R290/R600a,0.3,50.0,110.0,2.388,0.407,SNK_HX,207965.9,207.97
R290,R600a,R290/R600a,0.3,50.0,110.0,2.388,0.407,SNK_PUMP,97183.0,97.18
R290,R600a,R290/R600a,0.3,50.0,110.0,2.388,0.407,SRC_HX,107919.7,107.92
R290,R600a,R290/R600a,0.3,50.0,110.0,2.388,0.407,SRC_PUMP,97732.6,97.73
R290,R600a,R290/R600a,0.3,60.0,110.0,2.643,0.384,COMP1,146473.2,146.47
R290,R600a,R290/R600a,0.3,60.0,110.0,2.643,0.384,COMP2,216534.8,216.53
R290,R600a,R290/R600a,0.3,60.0,110.0,2.643,0.384,IHX,114216.7,114.22
R290,R600a,R290/R600a,0.3,60.0,110.0,2.643,0.384,MOT1,0.0,0.0
R290,R600a,R290/R600a,0.3,60.0,110.0,2.643,0.384,MOT2,0.0,0.0
R290,R600a,R290/R600a,0.3,60.0,110.0,2.643,0.384,SNK_HX,203009.2,203.01
R290,R600a,R290/R600a,0.3,60.0,110.0,2.643,0.384,SNK_PUMP,97183.0,97.18
R290,R600a,R290/R600a,0.3,60.0,110.0,2.643,0.384,SRC_HX,110816.6,110.82
R290,R600a,R290/R600a,0.3,60.0,110.0,2.643,0.384,SRC_PUMP,97735.4,97.74
R290,R600a,R290/R600a,0.4,20.0,110.0,1.851,0.456,COMP1,223112.6,223.11
R290,R600a,R290/R600a,0.4,20.0,110.0,1.851,0.456,COMP2,305558.0,305.56
R290,R600a,R290/R600a,0.4,20.0,110.0,1.851,0.456,IHX,89284.0,89.28
R290,R600a,R290/R600a,0.4,20.0,110.0,1.851,0.456,MOT1,0.0,0.0
R290,R600a,R290/R600a,0.4,20.0,110.0,1.851,0.456,MOT2,0.0,0.0
R290,R600a,R290/R600a,0.4,20.0,110.0,1.851,0.456,SNK_HX,216633.0,216.63
R290,R600a,R290/R600a,0.4,20.0,110.0,1.851,0.456,SNK_PUMP,97183.0,97.18
R290,R600a,R290/R600a,0.4,20.0,110.0,1.851,0.456,SRC_HX,97580.1,97.58
R290,R600a,R290/R600a,0.4,20.0,110.0,1.851,0.456,SRC_PUMP,97726.8,97.73
R290,R600a,R290/R600a,0.4,30.0,110.0,2.005,0.443,COMP1,201201.4,201.2
R290,R600a,R290/R600a,0.4,30.0,110.0,2.005,0.443,COMP2,273493.1,273.49
R290,R600a,R290/R600a,0.4,30.0,110.0,2.005,0.443,IHX,96940.1,96.94
R290,R600a,R290/R600a,0.4,30.0,110.0,2.005,0.443,MOT1,0.0,0.0
R290,R600a,R290/R600a,0.4,30.0,110.0,2.005,0.443,MOT2,0.0,0.0
R290,R600a,R290/R600a,0.4,30.0,110.0,2.005,0.443,SNK_HX,212325.6,212.33
R290,R600a,R290/R600a,0.4,30.0,110.0,2.005,0.443,SNK_PUMP,97183.0,97.18
R290,R600a,R290/R600a,0.4,30.0,110.0,2.005,0.443,SRC_HX,101434.4,101.43
R290,R600a,R290/R600a,0.4,30.0,110.0,2.005,0.443,SRC_PUMP,97728.3,97.73
R290,R600a,R290/R600a,0.4,40.0,110.0,2.182,0.427,COMP1,183261.9,183.26
R290,R600a,R290/R600a,0.4,40.0,110.0,2.182,0.427,COMP2,245293.7,245.29
R290,R600a,R290/R600a,0.4,40.0,110.0,2.182,0.427,IHX,103852.4,103.85
R290,R600a,R290/R600a,0.4,40.0,110.0,2.182,0.427,MOT1,0.0,0.0
R290,R600a,R290/R600a,0.4,40.0,110.0,2.182,0.427,MOT2,0.0,0.0
R290,R600a,R290/R600a,0.4,40.0,110.0,2.182,0.427,SNK_HX,207965.9,207.97
R290,R600a,R290/R600a,0.4,40.0,110.0,2.182,0.427,SNK_PUMP,97183.0,97.18
R290,R600a,R290/R600a,0.4,40.0,110.0,2.182,0.427,SRC_HX,104839.5,104.84
R290,R600a,R290/R600a,0.4,40.0,110.0,2.182,0.427,SRC_PUMP,97730.2,97.73
R290,R600a,R290/R600a,0.4,50.0,110.0,2.382,0.406,COMP1,168630.9,168.63
R290,R600a,R290/R600a,0.4,50.0,110.0,2.382,0.406,COMP2,220397.1,220.4
R290,R600a,R290/R600a,0.4,50.0,110.0,2.382,0.406,IHX,109928.6,109.93
R290,R600a,R290/R600a,0.4,50.0,110.0,2.382,0.406,MOT1,0.0,0.0
R290,R600a,R290/R600a,0.4,50.0,110.0,2.382,0.406,MOT2,0.0,0.0
R290,R600a,R290/R600a,0.4,50.0,110.0,2.382,0.406,SNK_HX,203701.0,203.7
R290,R600a,R290/R600a,0.4,50.0,110.0,2.382,0.406,SNK_PUMP,97183.0,97.18
R290,R600a,R290/R600a,0.4,50.0,110.0,2.382,0.406,SRC_HX,107853.1,107.85
R290,R600a,R290/R600a,0.4,50.0,110.0,2.382,0.406,SRC_PUMP,97732.6,97.73
R290,R600a,R290/R600a,0.4,60.0,110.0,2.608,0.379,COMP1,156920.3,156.92
R290,R600a,R290/R600a,0.4,60.0,110.0,2.608,0.379,COMP2,198336.4,198.34
R290,R600a,R290/R600a,0.4,60.0,110.0,2.608,0.379,IHX,115188.6,115.19
R290,R600a,R290/R600a,0.4,60.0,110.0,2.608,0.379,MOT1,0.0,0.0
R290,R600a,R290/R600a,0.4,60.0,110.0,2.608,0.379,MOT2,0.0,0.0
R290,R600a,R290/R600a,0.4,60.0,110.0,2.608,0.379,SNK_HX,199666.1,199.67
R290,R600a,R290/R600a,0.4,60.0,110.0,2.608,0.379,SNK_PUMP,97183.0,97.18
R290,R600a,R290/R600a,0.4,60.0,110.0,2.608,0.379,SRC_HX,110509.8,110.51
R290,R600a,R290/R600a,0.4,60.0,110.0,2.608,0.379,SRC_PUMP,97735.4,97.74
R290,R600a,R290/R600a,0.5,20.0,110.0,1.857,0.457,COMP1,248973.8,248.97
R290,R600a,R290/R600a,0.5,20.0,110.0,1.857,0.457,COMP2,258948.0,258.95
R290,R600a,R290/R600a,0.5,20.0,110.0,1.857,0.457,IHX,93757.5,93.76
R290,R600a,R290/R600a,0.5,20.0,110.0,1.857,0.457,MOT1,0.0,0.0
R290,R600a,R290/R600a,0.5,20.0,110.0,1.857,0.457,MOT2,0.0,0.0
R290,R600a,R290/R600a,0.5,20.0,110.0,1.857,0.457,SNK_HX,210143.1,210.14
R290,R600a,R290/R600a,0.5,20.0,110.0,1.857,0.457,SNK_PUMP,97183.0,97.18
R290,R600a,R290/R600a,0.5,20.0,110.0,1.857,0.457,SRC_HX,97697.8,97.7
R290,R600a,R290/R600a,0.5,20.0,110.0,1.857,0.457,SRC_PUMP,97726.8,97.73
R290,R600a,R290/R600a,0.5,30.0,110.0,1.995,0.441,COMP1,221995.0,222.0
R290,R600a,R290/R600a,0.5,30.0,110.0,1.995,0.441,COMP2,236652.6,236.65
R290,R600a,R290/R600a,0.5,30.0,110.0,1.995,0.441,IHX,100367.1,100.37
R290,R600a,R290/R600a,0.5,30.0,110.0,1.995,0.441,MOT1,0.0,0.0
R290,R600a,R290/R600a,0.5,30.0,110.0,1.995,0.441,MOT2,0.0,0.0
R290,R600a,R290/R600a,0.5,30.0,110.0,1.995,0.441,SNK_HX,206526.6,206.53
R290,R600a,R290/R600a,0.5,30.0,110.0,1.995,0.441,SNK_PUMP,97183.0,97.18
R290,R600a,R290/R600a,0.5,30.0,110.0,1.995,0.441,SRC_HX,101252.5,101.25
R290,R600a,R290/R600a,0.5,30.0,110.0,1.995,0.441,SRC_PUMP,97728.3,97.73
R290,R600a,R290/R600a,0.5,40.0,110.0,2.152,0.421,COMP1,200239.1,200.24
R290,R600a,R290/R600a,0.5,40.0,110.0,2.152,0.421,COMP2,216534.8,216.53
R290,R600a,R290/R600a,0.5,40.0,110.0,2.152,0.421,IHX,106274.8,106.27
R290,R600a,R290/R600a,0.5,40.0,110.0,2.152,0.421,MOT1,0.0,0.0
R290,R600a,R290/R600a,0.5,40.0,110.0,2.152,0.421,MOT2,0.0,0.0
R290,R600a,R290/R600a,0.5,40.0,110.0,2.152,0.421,SNK_HX,203009.2,203.01
R290,R600a,R290/R600a,0.5,40.0,110.0,2.152,0.421,SNK_PUMP,97183.0,97.18
R290,R600a,R290/R600a,0.5,40.0,110.0,2.152,0.421,SRC_HX,104421.1,104.42
R290,R600a,R290/R600a,0.5,40.0,110.0,2.152,0.421,SRC_PUMP,97730.2,97.73
R290,R600a,R290/R600a,0.5,50.0,110.0,2.329,0.397,COMP1,182679.8,182.68
R290,R600a,R290/R600a,0.5,50.0,110.0,2.329,0.397,COMP2,198336.4,198.34
R290,R600a,R290/R600a,0.5,50.0,110.0,2.329,0.397,IHX,111462.3,111.46
R290,R600a,R290/R600a,0.5,50.0,110.0,2.329,0.397,MOT1,0.0,0.0
R290,R600a,R290/R600a,0.5,50.0,110.0,2.329,0.397,MOT2,0.0,0.0
R290,R600a,R290/R600a,0.5,50.0,110.0,2.329,0.397,SNK_HX,199666.1,199.67
R290,R600a,R290/R600a,0.5,50.0,110.0,2.329,0.397,SNK_PUMP,97183.0,97.18
R290,R600a,R290/R600a,0.5,50.0,110.0,2.329,0.397,SRC_HX,107251.8,107.25
R290,R600a,R290/R600a,0.5,50.0,110.0,2.329,0.397,SRC_PUMP,97732.6,97.73
R717,R600,R717/R600,0.3,20.0,110.0,1.959,0.484,COMP1,128708.8,128.71
R717,R600,R717/R600,0.3,20.0,110.0,1.959,0.484,COMP2,395583.3,395.58
R717,R600,R717/R600,0.3,20.0,110.0,1.959,0.484,IHX,39517.4,39.52
R717,R600,R717/R600,0.3,20.0,110.0,1.959,0.484,MOT1,45053.7,45.05
R717,R600,R717/R600,0.3,20.0,110.0,1.959,0.484,MOT2,0.0,0.0
R717,R600,R717/R600,0.3,20.0,110.0,1.959,0.484,SNK_HX,279355.7,279.36
R717,R600,R717/R600,0.3,20.0,110.0,1.959,0.484,SNK_PUMP,97183.0,97.18
R717,R600,R717/R600,0.3,20.0,110.0,1.959,0.484,SRC_HX,86752.3,86.75
R717,R600,R717/R600,0.3,20.0,110.0,1.959,0.484,SRC_PUMP,97726.8,97.73
R717,R600,R717/R600,0.3,30.0,110.0,2.15,0.477,COMP1,168630.7,168.63
R717,R600,R717/R600,0.3,30.0,110.0,2.15,0.477,COMP2,344871.1,344.87
R717,R600,R717/R600,0.3,30.0,110.0,2.15,0.477,IHX,44459.7,44.46
R717,R600,R717/R600,0.3,30.0,110.0,2.15,0.477,MOT1,44880.8,44.88
R717,R600,R717/R600,0.3,30.0,110.0,2.15,0.477,MOT2,0.0,0.0
R717,R600,R717/R600,0.3,30.0,110.0,2.15,0.477,SNK_HX,279355.7,279.36
R717,R600,R717/R600,0.3,30.0,110.0,2.15,0.477,SNK_PUMP,97183.0,97.18
R717,R600,R717/R600,0.3,30.0,110.0,2.15,0.477,SRC_HX,90234.2,90.23
R717,R600,R717/R600,0.3,30.0,110.0,2.15,0.477,SRC_PUMP,97728.3,97.73
R717,R600,R717/R600,0.3,40.0,110.0,2.375,0.467,COMP1,148755.0,148.76
R717,R600,R717/R600,0.3,40.0,110.0,2.375,0.467,COMP2,301943.2,301.94
R717,R600,R717/R600,0.3,40.0,110.0,2.375,0.467,IHX,49670.1,49.67
R717,R600,R717/R600,0.3,40.0,110.0,2.375,0.467,MOT1,44551.5,44.55
R717,R600,R717/R600,0.3,40.0,110.0,2.375,0.467,MOT2,0.0,0.0
R717,R600,R717/R600,0.3,40.0,110.0,2.375,0.467,SNK_HX,273693.5,273.69
R717,R600,R717/R600,0.3,40.0,110.0,2.375,0.467,SNK_PUMP,97183.0,97.18
R717,R600,R717/R600,0.3,40.0,110.0,2.375,0.467,SRC_HX,93273.1,93.27
R717,R600,R717/R600,0.3,40.0,110.0,2.375,0.467,SRC_PUMP,97730.2,97.73
R717,R600,R717/R600,0.3,50.0,110.0,2.645,0.453,COMP1,132380.5,132.38
R717,R600,R717/R600,0.3,50.0,110.0,2.645,0.453,COMP2,265347.3,265.35
R717,R600,R717/R600,0.3,50.0,110.0,2.645,0.453,IHX,55154.8,55.15
R717,R600,R717/R600,0.3,50.0,110.0,2.645,0.453,MOT1,44081.7,44.08
R717,R600,R717/R600,0.3,50.0,110.0,2.645,0.453,MOT2,0.0,0.0
R717,R600,R717/R600,0.3,50.0,110.0,2.645,0.453,SNK_HX,263768.7,263.77
R717,R600,R717/R600,0.3,50.0,110.0,2.645,0.453,SNK_PUMP,97183.0,97.18
R717,R600,R717/R600,0.3,50.0,110.0,2.645,0.453,SRC_HX,95962.6,95.96
R717,R600,R717/R600,0.3,50.0,110.0,2.645,0.453,SRC_PUMP,97732.6,97.73
R717,R600,R717/R600,0.3,60.0,110.0,2.97,0.434,COMP1,118755.5,118.76
R717,R600,R717/R600,0.3,60.0,110.0,2.97,0.434,COMP2,233949.1,233.95
R717,R600,R717/R600,0.3,60.0,110.0,2.97,0.434,IHX,60922.5,60.92
R717,R600,R717/R600,0.3,60.0,110.0,2.97,0.434,MOT1,43488.7,43.49
R717,R600,R717/R600,0.3,60.0,110.0,2.97,0.434,MOT2,0.0,0.0
R717,R600,R717/R600,0.3,60.0,110.0,2.97,0.434,SNK_HX,254003.3,254.0
R717,R600,R717/R600,0.3,60.0,110.0,2.97,0.434,SNK_PUMP,97183.0,97.18
R717,R600,R717/R600,0.3,60.0,110.0,2.97,0.434,SRC_HX,98370.3,98.37
R717,R600,R717/R600,0.3,60.0,110.0,2.97,0.434,SRC_PUMP,97735.4,97.74
R717,R600,R717/R600,0.4,20.0,110.0,2.02,0.499,COMP1,203956.5,203.96
R717,R600,R717/R600,0.4,20.0,110.0,2.02,0.499,COMP2,331882.1,331.88
R717,R600,R717/R600,0.4,20.0,110.0,2.02,0.499,IHX,38939.5,38.94
R717,R600,R717/R600,0.4,20.0,110.0,2.02,0.499,MOT1,52422.8,52.42
R717,R600,R717/R600,0.4,20.0,110.0,2.02,0.499,MOT2,0.0,0.0
R717,R600,R717/R600,0.4,20.0,110.0,2.02,0.499,SNK_HX,279355.7,279.36
R717,R600,R717/R600,0.4,20.0,110.0,2.02,0.499,SNK_PUMP,97183.0,97.18
R717,R600,R717/R600,0.4,20.0,110.0,2.02,0.499,SRC_HX,87681.6,87.68
R717,R600,R717/R600,0.4,20.0,110.0,2.02,0.499,SRC_PUMP,97726.8,97.73
R717,R600,R717/R600,0.4,30.0,110.0,2.205,0.489,COMP1,176458.1,176.46
R717,R600,R717/R600,0.4,30.0,110.0,2.205,0.489,COMP2,296357.0,296.36
R717,R600,R717/R600,0.4,30.0,110.0,2.205,0.489,IHX,43542.0,43.54
R717,R600,R717/R600,0.4,30.0,110.0,2.205,0.489,MOT1,51459.2,51.46
R717,R600,R717/R600,0.4,30.0,110.0,2.205,0.489,MOT2,0.0,0.0
R717,R600,R717/R600,0.4,30.0,110.0,2.205,0.489,SNK_HX,272283.8,272.28
R717,R600,R717/R600,0.4,30.0,110.0,2.205,0.489,SNK_PUMP,97183.0,97.18
R717,R600,R717/R600,0.4,30.0,110.0,2.205,0.489,SRC_HX,90887.8,90.89
R717,R600,R717/R600,0.4,30.0,110.0,2.205,0.489,SRC_PUMP,97728.3,97.73
R717,R600,R717/R600,0.4,40.0,110.0,2.422,0.477,COMP1,154416.4,154.42
R717,R600,R717/R600,0.4,40.0,110.0,2.422,0.477,COMP2,265347.3,265.35
R717,R600,R717/R600,0.4,40.0,110.0,2.422,0.477,IHX,48464.1,48.46
R717,R600,R717/R600,0.4,40.0,110.0,2.422,0.477,MOT1,50358.6,50.36
R717,R600,R717/R600,0.4,40.0,110.0,2.422,0.477,MOT2,0.0,0.0
R717,R600,R717/R600,0.4,40.0,110.0,2.422,0.477,SNK_HX,263768.7,263.77
R717,R600,R717/R600,0.4,40.0,110.0,2.422,0.477,SNK_PUMP,97183.0,97.18
R717,R600,R717/R600,0.4,40.0,110.0,2.422,0.477,SRC_HX,93709.4,93.71
R717,R600,R717/R600,0.4,40.0,110.0,2.422,0.477,SRC_PUMP,97730.2,97.73
R717,R600,R717/R600,0.4,50.0,110.0,2.682,0.46,COMP1,136483.5,136.48
R717,R600,R717/R600,0.4,50.0,110.0,2.682,0.46,COMP2,238152.6,238.15
R717,R600,R717/R600,0.4,50.0,110.0,2.682,0.46,IHX,53729.8,53.73
R717,R600,R717/R600,0.4,50.0,110.0,2.682,0.46,MOT1,49127.4,49.13
R717,R600,R717/R600,0.4,50.0,110.0,2.682,0.46,MOT2,0.0,0.0
R717,R600,R717/R600,0.4,50.0,110.0,2.682,0.46,SNK_HX,255373.4,255.37
R717,R600,R717/R600,0.4,50.0,110.0,2.682,0.46,SNK_PUMP,97183.0,97.18
R717,R600,R717/R600,0.4,50.0,110.0,2.682,0.46,SRC_HX,96230.5,96.23
R717,R600,R717/R600,0.4,50.0,110.0,2.682,0.46,SRC_PUMP,97732.6,97.73
R717,R600,R717/R600,0.4,60.0,110.0,2.997,0.439,COMP1,121716.0,121.72
R717,R600,R717/R600,0.4,60.0,110.0,2.997,0.439,COMP2,214199.2,214.2
R717,R600,R717/R600,0.4,60.0,110.0,2.997,0.439,IHX,59367.0,59.37
R717,R600,R717/R600,0.4,60.0,110.0,2.997,0.439,MOT1,47773.4,47.77
R717,R600,R717/R600,0.4,60.0,110.0,2.997,0.439,MOT2,0.0,0.0
R717,R600,R717/R600,0.4,60.0,110.0,2.997,0.439,SNK_HX,247332.3,247.33
R717,R600,R717/R600,0.4,60.0,110.0,2.997,0.439,SNK_PUMP,97183.0,97.18
R717,R600,R717/R600,0.4,60.0,110.0,2.997,0.439,SRC_HX,98511.8,98.51
R717,R600,R717/R600,0.4,60.0,110.0,2.997,0.439,SRC_PUMP,97735.4,97.74
R717,R600,R717/R600,0.5,20.0,110.0,2.058,0.509,COMP1,213825.3,213.83
R717,R600,R717/R600,0.5,20.0,110.0,2.058,0.509,COMP2,280334.9,280.33
R717,R600,R717/R600,0.5,20.0,110.0,2.058,0.509,IHX,38501.9,38.5
R717,R600,R717/R600,0.5,20.0,110.0,2.058,0.509,MOT1,59718.3,59.72
R717,R600,R717/R600,0.5,20.0,110.0,2.058,0.509,MOT2,0.0,0.0
R717,R600,R717/R600,0.5,20.0,110.0,2.058,0.509,SNK_HX,268029.1,268.03
R717,R600,R717/R600,0.5,20.0,110.0,2.058,0.509,SNK_PUMP,97183.0,97.18
R717,R600,R717/R600,0.5,20.0,110.0,2.058,0.509,SRC_HX,88226.8,88.23
R717,R600,R717/R600,0.5,20.0,110.0,2.058,0.509,SRC_PUMP,97726.8,97.73
R717,R600,R717/R600,0.5,30.0,110.0,2.237,0.497,COMP1,183680.4,183.68
R717,R600,R717/R600,0.5,30.0,110.0,2.237,0.497,COMP2,255889.2,255.89
R717,R600,R717/R600,0.5,30.0,110.0,2.237,0.497,IHX,42815.3,42.82
R717,R600,R717/R600,0.5,30.0,110.0,2.237,0.497,MOT1,57982.5,57.98
R717,R600,R717/R600,0.5,30.0,110.0,2.237,0.497,MOT2,0.0,0.0
R717,R600,R717/R600,0.5,30.0,110.0,2.237,0.497,SNK_HX,260943.8,260.94
R717,R600,R717/R600,0.5,30.0,110.0,2.237,0.497,SNK_PUMP,97183.0,97.18
R717,R600,R717/R600,0.5,30.0,110.0,2.237,0.497,SRC_HX,91257.4,91.26
R717,R600,R717/R600,0.5,30.0,110.0,2.237,0.497,SRC_PUMP,97728.3,97.73
R717,R600,R717/R600,0.5,40.0,110.0,2.448,0.482,COMP1,159736.1,159.74
R717,R600,R717/R600,0.5,40.0,110.0,2.448,0.482,COMP2,233949.1,233.95
R717,R600,R717/R600,0.5,40.0,110.0,2.448,0.482,IHX,47478.8,47.48
R717,R600,R717/R600,0.5,40.0,110.0,2.448,0.482,MOT1,56126.6,56.13
R717,R600,R717/R600,0.5,40.0,110.0,2.448,0.482,MOT2,0.0,0.0
R717,R600,R717/R600,0.5,40.0,110.0,2.448,0.482,SNK_HX,254003.3,254.0
R717,R600,R717/R600,0.5,40.0,110.0,2.448,0.482,SNK_PUMP,97183.0,97.18
R717,R600,R717/R600,0.5,40.0,110.0,2.448,0.482,SRC_HX,93939.6,93.94
R717,R600,R717/R600,0.5,40.0,110.0,2.448,0.482,SRC_PUMP,97730.2,97.73
R717,R600,R717/R600,0.5,50.0,110.0,2.7,0.463,COMP1,140407.5,140.41
R717,R600,R717/R600,0.5,50.0,110.0,2.7,0.463,COMP2,214199.2,214.2
R717,R600,R717/R600,0.5,50.0,110.0,2.7,0.463,IHX,52532.7,52.53
R717,R600,R717/R600,0.5,50.0,110.0,2.7,0.463,MOT1,54147.8,54.15
R717,R600,R717/R600,0.5,50.0,110.0,2.7,0.463,MOT2,0.0,0.0
R717,R600,R717/R600,0.5,50.0,110.0,2.7,0.463,SNK_HX,247332.3,247.33
R717,R600,R717/R600,0.5,50.0,110.0,2.7,0.463,SNK_PUMP,97183.0,97.18
R717,R600,R717/R600,0.5,50.0,110.0,2.7,0.463,SRC_HX,96353.0,96.35
R717,R600,R717/R600,0.5,50.0,110.0,2.7,0.463,SRC_PUMP,97732.6,97.73
R717,R600,R717/R600,0.5,60.0,110.0,3.005,0.44,COMP1,124594.4,124.59
R717,R600,R717/R600,0.5,60.0,110.0,3.005,0.44,COMP2,196369.4,196.37
R717,R600,R717/R600,0.5,60.0,110.0,3.005,0.44,IHX,58024.9,58.02
R717,R600,R717/R600,0.5,60.0,110.0,3.005,0.44,MOT1,52044.1,52.04
R717,R600,R717/R600,0.5,60.0,110.0,3.005,0.44,MOT2,0.0,0.0
R717,R600,R717/R600,0.5,60.0,110.0,3.005,0.44,SNK_HX,241021.4,241.02
R717,R600,R717/R600,0.5,60.0,110.0,3.005,0.44,SNK_PUMP,97183.0,97.18
R717,R600,R717/R600,0.5,60.0,110.0,3.005,0.44,SRC_HX,98554.5,98.55
R717,R600,R717/R600,0.5,60.0,110.0,3.005,0.44,SRC_PUMP,97735.4,97.74
R717,R600a,R717/R600a,0.3,20.0,110.0,1.833,0.451,COMP1,121399.7,121.4
R717,R600a,R717/R600a,0.3,20.0,110.0,1.833,0.451,COMP2,362423.6,362.42
R717,R600a,R717/R600a,0.3,20.0,110.0,1.833,0.451,IHX,33901.0,33.9
R717,R600a,R717/R600a,0.3,20.0,110.0,1.833,0.451,MOT1,42674.7,42.67
R717,R600a,R717/R600a,0.3,20.0,110.0,1.833,0.451,MOT2,0.0,0.0
R717,R600a,R717/R600a,0.3,20.0,110.0,1.833,0.451,SNK_HX,222601.3,222.6
R717,R600a,R717/R600a,0.3,20.0,110.0,1.833,0.451,SNK_PUMP,97183.0,97.18
R717,R600a,R717/R600a,0.3,20.0,110.0,1.833,0.451,SRC_HX,84521.1,84.52
R717,R600a,R717/R600a,0.3,20.0,110.0,1.833,0.451,SRC_PUMP,97726.8,97.73
R717,R600a,R717/R600a,0.3,30.0,110.0,2.019,0.446,COMP1,161040.9,161.04
R717,R600a,R717/R600a,0.3,30.0,110.0,2.019,0.446,COMP2,317218.6,317.22
R717,R600a,R717/R600a,0.3,30.0,110.0,2.019,0.446,IHX,38554.4,38.55
R717,R600a,R717/R600a,0.3,30.0,110.0,2.019,0.446,MOT1,42970.3,42.97
R717,R600a,R717/R600a,0.3,30.0,110.0,2.019,0.446,MOT2,0.0,0.0
R717,R600a,R717/R600a,0.3,30.0,110.0,2.019,0.446,SNK_HX,218027.5,218.03
R717,R600a,R717/R600a,0.3,30.0,110.0,2.019,0.446,SNK_PUMP,97183.0,97.18
R717,R600a,R717/R600a,0.3,30.0,110.0,2.019,0.446,SRC_HX,88466.3,88.47
R717,R600a,R717/R600a,0.3,30.0,110.0,2.019,0.446,SRC_PUMP,97728.3,97.73
R717,R600a,R717/R600a,0.3,40.0,110.0,2.24,0.439,COMP1,143510.0,143.51
R717,R600a,R717/R600a,0.3,40.0,110.0,2.24,0.439,COMP2,278552.0,278.55
R717,R600a,R717/R600a,0.3,40.0,110.0,2.24,0.439,IHX,43445.8,43.45
R717,R600a,R717/R600a,0.3,40.0,110.0,2.24,0.439,MOT1,43037.2,43.04
R717,R600a,R717/R600a,0.3,40.0,110.0,2.24,0.439,MOT2,0.0,0.0
R717,R600a,R717/R600a,0.3,40.0,110.0,2.24,0.439,SNK_HX,213051.4,213.05
R717,R600a,R717/R600a,0.3,40.0,110.0,2.24,0.439,SNK_PUMP,97183.0,97.18
R717,R600a,R717/R600a,0.3,40.0,110.0,2.24,0.439,SRC_HX,91886.6,91.89
R717,R600a,R717/R600a,0.3,40.0,110.0,2.24,0.439,SRC_PUMP,97730.2,97.73
R717,R600a,R717/R600a,0.3,50.0,110.0,2.506,0.429,COMP1,128780.2,128.78
R717,R600a,R717/R600a,0.3,50.0,110.0,2.506,0.429,COMP2,245293.7,245.29
R717,R600a,R717/R600a,0.3,50.0,110.0,2.506,0.429,IHX,48577.6,48.58
R717,R600a,R717/R600a,0.3,50.0,110.0,2.506,0.429,MOT1,42901.4,42.9
R717,R600a,R717/R600a,0.3,50.0,110.0,2.506,0.429,MOT2,0.0,0.0
R717,R600a,R717/R600a,0.3,50.0,110.0,2.506,0.429,SNK_HX,207965.9,207.97
R717,R600a,R717/R600a,0.3,50.0,110.0,2.506,0.429,SNK_PUMP,97183.0,97.18
R717,R600a,R717/R600a,0.3,50.0,110.0,2.506,0.429,SRC_HX,94890.7,94.89
R717,R600a,R717/R600a,0.3,50.0,110.0,2.506,0.429,SRC_PUMP,97732.6,97.73
R717,R600a,R717/R600a,0.3,60.0,110.0,2.83,0.413,COMP1,116314.2,116.31
R717,R600a,R717/R600a,0.3,60.0,110.0,2.83,0.413,COMP2,216534.8,216.53
R717,R600a,R717/R600a,0.3,60.0,110.0,2.83,0.413,IHX,53954.7,53.95
R717,R600a,R717/R600a,0.3,60.0,110.0,2.83,0.413,MOT1,42588.0,42.59
R717,R600a,R717/R600a,0.3,60.0,110.0,2.83,0.413,MOT2,0.0,0.0
R717,R600a,R717/R600a,0.3,60.0,110.0,2.83,0.413,SNK_HX,203009.2,203.01
R717,R600a,R717/R600a,0.3,60.0,110.0,2.83,0.413,SNK_PUMP,97183.0,97.18
R717,R600a,R717/R600a,0.3,60.0,110.0,2.83,0.413,SRC_HX,97557.8,97.56
R717,R600a,R717/R600a,0.3,60.0,110.0,2.83,0.413,SRC_PUMP,97735.4,97.74
R717,R600a,R717/R600a,0.4,20.0,110.0,1.916,0.473,COMP1,195354.3,195.35
R717,R600a,R717/R600a,0.4,20.0,110.0,1.916,0.473,COMP2,305558.0,305.56
R717,R600a,R717/R600a,0.4,20.0,110.0,1.916,0.473,IHX,33808.8,33.81
R717,R600a,R717/R600a,0.4,20.0,110.0,1.916,0.473,MOT1,50415.7,50.42
R717,R600a,R717/R600a,0.4,20.0,110.0,1.916,0.473,MOT2,0.0,0.0
R717,R600a,R717/R600a,0.4,20.0,110.0,1.916,0.473,SNK_HX,216633.0,216.63
R717,R600a,R717/R600a,0.4,20.0,110.0,1.916,0.473,SNK_PUMP,97183.0,97.18
R717,R600a,R717/R600a,0.4,20.0,110.0,1.916,0.473,SRC_HX,86043.9,86.04
R717,R600a,R717/R600a,0.4,20.0,110.0,1.916,0.473,SRC_PUMP,97726.8,97.73
R717,R600a,R717/R600a,0.4,30.0,110.0,2.097,0.465,COMP1,170442.4,170.44
R717,R600a,R717/R600a,0.4,30.0,110.0,2.097,0.465,COMP2,273493.1,273.49
R717,R600a,R717/R600a,0.4,30.0,110.0,2.097,0.465,IHX,38082.7,38.08
R717,R600a,R717/R600a,0.4,30.0,110.0,2.097,0.465,MOT1,49838.7,49.84
R717,R600a,R717/R600a,0.4,30.0,110.0,2.097,0.465,MOT2,0.0,0.0
R717,R600a,R717/R600a,0.4,30.0,110.0,2.097,0.465,SNK_HX,212325.6,212.33
R717,R600a,R717/R600a,0.4,30.0,110.0,2.097,0.465,SNK_PUMP,97183.0,97.18
R717,R600a,R717/R600a,0.4,30.0,110.0,2.097,0.465,SRC_HX,89560.6,89.56
R717,R600a,R717/R600a,0.4,30.0,110.0,2.097,0.465,SRC_PUMP,97728.3,97.73
R717,R600a,R717/R600a,0.4,40.0,110.0,2.312,0.454,COMP1,150210.7,150.21
R717,R600a,R717/R600a,0.4,40.0,110.0,2.312,0.454,COMP2,245293.7,245.29
R717,R600a,R717/R600a,0.4,40.0,110.0,2.312,0.454,IHX,42645.7,42.65
R717,R600a,R717/R600a,0.4,40.0,110.0,2.312,0.454,MOT1,49066.9,49.07
R717,R600a,R717/R600a,0.4,40.0,110.0,2.312,0.454,MOT2,0.0,0.0
R717,R600a,R717/R600a,0.4,40.0,110.0,2.312,0.454,SNK_HX,207965.9,207.97
R717,R600a,R717/R600a,0.4,40.0,110.0,2.312,0.454,SNK_PUMP,97183.0,97.18
R717,R600a,R717/R600a,0.4,40.0,110.0,2.312,0.454,SRC_HX,92645.3,92.65
R717,R600a,R717/R600a,0.4,40.0,110.0,2.312,0.454,SRC_PUMP,97730.2,97.73
R717,R600a,R717/R600a,0.4,50.0,110.0,2.568,0.44,COMP1,133556.8,133.56
R717,R600a,R717/R600a,0.4,50.0,110.0,2.568,0.44,COMP2,220397.1,220.4
R717,R600a,R717/R600a,0.4,50.0,110.0,2.568,0.44,IHX,47517.1,47.52
R717,R600a,R717/R600a,0.4,50.0,110.0,2.568,0.44,MOT1,48113.7,48.11
R717,R600a,R717/R600a,0.4,50.0,110.0,2.568,0.44,MOT2,0.0,0.0
R717,R600a,R717/R600a,0.4,50.0,110.0,2.568,0.44,SNK_HX,203701.0,203.7
R717,R600a,R717/R600a,0.4,50.0,110.0,2.568,0.44,SNK_PUMP,97183.0,97.18
R717,R600a,R717/R600a,0.4,50.0,110.0,2.568,0.44,SRC_HX,95389.2,95.39
R717,R600a,R717/R600a,0.4,50.0,110.0,2.568,0.44,SRC_PUMP,97732.6,97.73
R717,R600a,R717/R600a,0.4,60.0,110.0,2.88,0.421,COMP1,119701.0,119.7
R717,R600a,R717/R600a,0.4,60.0,110.0,2.88,0.421,COMP2,198336.4,198.34
R717,R600a,R717/R600a,0.4,60.0,110.0,2.88,0.421,IHX,52720.7,52.72
R717,R600a,R717/R600a,0.4,60.0,110.0,2.88,0.421,MOT1,46993.9,46.99
R717,R600a,R717/R600a,0.4,60.0,110.0,2.88,0.421,MOT2,0.0,0.0
R717,R600a,R717/R600a,0.4,60.0,110.0,2.88,0.421,SNK_HX,199666.1,199.67
R717,R600a,R717/R600a,0.4,60.0,110.0,2.88,0.421,SNK_PUMP,97183.0,97.18
R717,R600a,R717/R600a,0.4,60.0,110.0,2.88,0.421,SRC_HX,97859.3,97.86
R717,R600a,R717/R600a,0.4,60.0,110.0,2.88,0.421,SRC_PUMP,97735.4,97.74
R717,R600a,R717/R600a,0.5,20.0,110.0,1.978,0.488,COMP1,207277.0,207.28
R717,R600a,R717/R600a,0.5,20.0,110.0,1.978,0.488,COMP2,258948.0,258.95
R717,R600a,R717/R600a,0.5,20.0,110.0,1.978,0.488,IHX,33745.7,33.75
R717,R600a,R717/R600a,0.5,20.0,110.0,1.978,0.488,MOT1,58088.7,58.09
R717,R600a,R717/R600a,0.5,20.0,110.0,1.978,0.488,MOT2,0.0,0.0
R717,R600a,R717/R600a,0.5,20.0,110.0,1.978,0.488,SNK_HX,210143.1,210.14
R717,R600a,R717/R600a,0.5,20.0,110.0,1.978,0.488,SNK_PUMP,97183.0,97.18
R717,R600a,R717/R600a,0.5,20.0,110.0,1.978,0.488,SRC_HX,87048.3,87.05
R717,R600a,R717/R600a,0.5,20.0,110.0,1.978,0.488,SRC_PUMP,97726.8,97.73
R717,R600a,R717/R600a,0.5,30.0,110.0,2.154,0.478,COMP1,179041.9,179.04
R717,R600a,R717/R600a,0.5,30.0,110.0,2.154,0.478,COMP2,236652.6,236.65
R717,R600a,R717/R600a,0.5,30.0,110.0,2.154,0.478,IHX,37708.5,37.71
R717,R600a,R717/R600a,0.5,30.0,110.0,2.154,0.478,MOT1,56654.9,56.65
R717,R600a,R717/R600a,0.5,30.0,110.0,2.154,0.478,MOT2,0.0,0.0
R717,R600a,R717/R600a,0.5,30.0,110.0,2.154,0.478,SNK_HX,206526.6,206.53
R717,R600a,R717/R600a,0.5,30.0,110.0,2.154,0.478,SNK_PUMP,97183.0,97.18
R717,R600a,R717/R600a,0.5,30.0,110.0,2.154,0.478,SRC_HX,90280.9,90.28
R717,R600a,R717/R600a,0.5,30.0,110.0,2.154,0.478,SRC_PUMP,97728.3,97.73
R717,R600a,R717/R600a,0.5,40.0,110.0,2.361,0.464,COMP1,156446.0,156.45
R717,R600a,R717/R600a,0.5,40.0,110.0,2.361,0.464,COMP2,216534.8,216.53
R717,R600a,R717/R600a,0.5,40.0,110.0,2.361,0.464,IHX,41989.5,41.99
R717,R600a,R717/R600a,0.5,40.0,110.0,2.361,0.464,MOT1,55057.9,55.06
R717,R600a,R717/R600a,0.5,40.0,110.0,2.361,0.464,MOT2,0.0,0.0
R717,R600a,R717/R600a,0.5,40.0,110.0,2.361,0.464,SNK_HX,203009.2,203.01
R717,R600a,R717/R600a,0.5,40.0,110.0,2.361,0.464,SNK_PUMP,97183.0,97.18
R717,R600a,R717/R600a,0.5,40.0,110.0,2.361,0.464,SRC_HX,93138.8,93.14
R717,R600a,R717/R600a,0.5,40.0,110.0,2.361,0.464,SRC_PUMP,97730.2,97.73
R717,R600a,R717/R600a,0.5,50.0,110.0,2.61,0.447,COMP1,138081.8,138.08
R717,R600a,R717/R600a,0.5,50.0,110.0,2.61,0.447,COMP2,198336.4,198.34
R717,R600a,R717/R600a,0.5,50.0,110.0,2.61,0.447,IHX,46624.2,46.62
R717,R600a,R717/R600a,0.5,50.0,110.0,2.61,0.447,MOT1,53300.6,53.3
R717,R600a,R717/R600a,0.5,50.0,110.0,2.61,0.447,MOT2,0.0,0.0
R717,R600a,R717/R600a,0.5,50.0,110.0,2.61,0.447,SNK_HX,199666.1,199.67
R717,R600a,R717/R600a,0.5,50.0,110.0,2.61,0.447,SNK_PUMP,97183.0,97.18
R717,R600a,R717/R600a,0.5,50.0,110.0,2.61,0.447,SRC_HX,95705.4,95.71
R717,R600a,R717/R600a,0.5,50.0,110.0,2.61,0.447,SRC_PUMP,97732.6,97.73
R717,R600a,R717/R600a,0.5,60.0,110.0,2.911,0.425,COMP1,122965.9,122.97
R717,R600a,R717/R600a,0.5,60.0,110.0,2.911,0.425,COMP2,181832.9,181.83
R717,R600a,R717/R600a,0.5,60.0,110.0,2.911,0.425,IHX,51654.9,51.65
R717,R600a,R717/R600a,0.5,60.0,110.0,2.911,0.425,MOT1,51385.8,51.39
R717,R600a,R717/R600a,0.5,60.0,110.0,2.911,0.425,MOT2,0.0,0.0
R717,R600a,R717/R600a,0.5,60.0,110.0,2.911,0.425,SNK_HX,196564.3,196.56
R717,R600a,R717/R600a,0.5,60.0,110.0,2.911,0.425,SNK_PUMP,97183.0,97.18
R717,R600a,R717/R600a,0.5,60.0,110.0,2.911,0.425,SRC_HX,98040.6,98.04
R717,R600a,R717/R600a,0.5,60.0,110.0,2.911,0.425,SRC_PUMP,97735.4,97.74
