f1,f2,ls,T_src,T_steam,no_solve_class,label_c1,label_c2,V_dot_c1_target [m3/h],V_dot_c2_target [m3/h],binding,scale_k,m_steam [kg/s],m_steam [kg/h],Q_H [kW],W_el [kW],COP,p_low_c1 [bar],p_high_c1 [bar],T_disch_c1 [°C],p_low_c2 [bar],p_high_c2 [bar],T_disch_c2 [°C],p_OK_c1,p_OK_c2,T_OK_c1,T_OK_c2,V_OK_c1,V_OK_c2,feasible,reason,status
R290,R600a,0.3,20,100,,R290,R600a,150.1,280.0,C2,0.1004,0.1004,361.3,226.4,112.17,2.019,5.34,18.97,70.7,5.74,22.03,106.7,True,True,True,True,True,True,True,,ok
R290,R600a,0.3,20,110,,R290,R600a,128.3,280.0,C2,0.0948,0.0948,341.1,211.3,118.38,1.785,5.34,20.19,74.0,6.21,26.27,117.1,True,True,True,True,True,True,True,,ok
R290,R600a,0.3,30,100,,R290,R600a,153.3,280.0,C2,0.1205,0.1205,433.9,272.0,121.88,2.231,7.14,21.9,75.8,6.87,22.03,107.1,True,True,True,True,True,True,True,,ok
R290,R600a,0.3,30,110,,R290,R600a,133.4,280.0,C2,0.1137,0.1137,409.4,253.6,129.4,1.96,7.14,23.25,79.2,7.4,26.27,117.5,True,True,True,True,True,True,True,,ok
R290,R600a,0.3,40,100,,R290,R600a,158.2,280.0,C2,0.144,0.144,518.6,325.0,130.78,2.485,9.35,25.16,81.5,8.15,22.03,107.5,True,True,True,True,True,True,True,,ok
R290,R600a,0.3,40,110,,R290,R600a,139.9,280.0,C2,0.1359,0.1359,489.2,303.0,139.95,2.165,9.35,26.66,84.9,8.74,26.27,117.9,True,True,True,True,True,True,True,,ok
R290,R600a,0.3,50,100,,R290,R600a,165.0,280.0,C2,0.1714,0.1714,617.2,386.8,138.62,2.791,12.0,28.78,87.7,9.59,22.03,108.0,True,True,True,True,True,True,True,,ok
R290,R600a,0.3,50,110,,R290,R600a,148.2,280.0,C2,0.1618,0.1618,582.3,360.7,149.86,2.407,12.0,30.44,91.2,10.26,26.27,118.3,True,True,True,True,True,True,True,,ok
R290,R600a,0.4,20,100,,R290,R600a,207.6,280.0,C2,0.1237,0.1237,445.2,279.1,136.06,2.051,5.34,22.34,79.5,7.04,22.03,107.2,True,True,True,True,True,True,True,,ok
R290,R600a,0.4,20,110,,R290,R600a,188.8,280.0,C2,0.1197,0.1197,431.0,266.9,145.51,1.834,5.34,24.19,84.0,7.77,26.27,117.6,True,True,True,True,True,True,True,,ok
R290,R600a,0.4,30,100,,R290,R600a,202.8,280.0,C2,0.144,0.144,518.6,325.0,144.44,2.25,7.14,25.16,83.7,8.15,22.03,107.5,True,True,True,True,True,True,True,,ok
R290,R600a,0.4,30,110,,R290,R600a,186.9,280.0,C2,0.1394,0.1394,501.7,310.7,155.66,1.996,7.14,27.18,88.2,8.95,26.27,117.9,True,True,True,True,True,True,True,,ok
R290,R600a,0.4,40,100,,R290,R600a,200.9,280.0,C2,0.1673,0.1673,602.2,377.4,151.74,2.487,9.35,28.24,88.4,9.37,22.03,108.0,True,True,True,True,True,True,True,,ok
R290,R600a,0.4,40,110,,R290,R600a,187.6,280.0,C2,0.1618,0.1618,582.3,360.7,165.16,2.184,9.35,30.44,92.9,10.26,26.27,118.3,True,True,True,True,True,True,True,,ok
R290,R600a,0.5,20,100,,R290,R600a,280.0,274.8,C1,0.1487,0.1487,535.2,335.4,164.2,2.043,5.34,26.15,88.4,8.54,22.03,107.7,True,True,True,True,True,True,True,,ok
R290,R600a,0.5,20,110,,R290,R600a,274.9,280.0,C2,0.1502,0.1502,540.7,334.9,182.23,1.838,5.34,28.78,93.9,9.59,26.27,118.1,True,True,True,True,True,True,True,,ok
R290,R600a,0.5,30,100,,R290,R600a,267.7,280.0,C2,0.1714,0.1714,617.2,386.8,173.57,2.229,7.14,28.78,91.5,9.59,22.03,108.0,True,True,True,True,True,True,True,,ok
R290,R600a,0.6,20,100,,R290,R600a,280.0,200.4,C1,0.1321,0.1321,475.5,298.0,149.9,1.988,5.34,30.44,97.2,10.26,22.03,108.2,True,True,True,True,True,True,True,,ok
R290,R600,0.3,20,100,,R290,R600,131.4,280.0,C2,0.0847,0.0847,304.8,191.1,90.71,2.106,5.34,18.97,70.7,4.08,17.05,105.8,True,True,True,True,True,True,True,,ok
R290,R600,0.3,20,110,,R290,R600,122.2,280.0,C2,0.084,0.084,302.6,187.4,98.23,1.908,5.34,20.19,74.0,4.43,20.48,115.7,True,True,True,True,True,True,True,,ok
R290,R600,0.3,20,120,,R290,R600,107.9,280.0,C2,0.0814,0.0814,292.9,179.1,104.38,1.716,5.34,21.46,77.3,4.81,24.42,125.6,True,True,True,True,True,True,True,,ok
R290,R600,0.3,30,100,,R290,R600,133.9,280.0,C2,0.1024,0.1024,368.6,231.0,99.52,2.321,7.14,21.9,75.8,4.94,17.05,105.9,True,True,True,True,True,True,True,,ok
R290,R600,0.3,30,110,,R290,R600,125.7,280.0,C2,0.1014,0.1014,365.1,226.1,108.38,2.087,7.14,23.25,79.2,5.35,20.48,115.7,True,True,True,True,True,True,True,,ok
R290,R600,0.3,30,120,,R290,R600,112.8,280.0,C2,0.098,0.098,352.9,215.9,115.69,1.866,7.14,24.67,82.6,5.78,24.42,125.6,True,True,True,True,True,True,True,,ok
R290,R600,0.3,40,100,,R290,R600,138.0,280.0,C2,0.123,0.123,442.8,277.6,107.71,2.577,9.35,25.16,81.5,5.93,17.05,106.4,True,True,True,True,True,True,True,,ok
R290,R600,0.3,40,110,,R290,R600,130.8,280.0,C2,0.1217,0.1217,438.1,271.3,118.21,2.295,9.35,26.66,84.9,6.39,20.48,116.0,True,True,True,True,True,True,True,,ok
R290,R600,0.3,40,120,,R290,R600,119.0,280.0,C2,0.1175,0.1175,423.1,258.8,126.97,2.038,9.35,28.24,88.4,6.88,24.42,126.1,True,True,True,True,True,True,True,,ok
R290,R600,0.3,50,100,,R290,R600,143.8,280.0,C2,0.147,0.147,529.1,331.6,115.06,2.882,12.0,28.78,87.7,7.05,17.05,106.9,True,True,True,True,True,True,True,,ok
R290,R600,0.3,50,110,,R290,R600,137.5,280.0,C2,0.1452,0.1452,522.9,323.8,127.58,2.538,12.0,30.44,91.2,7.57,20.48,116.5,True,True,True,True,True,True,True,,ok
R290,R600,0.4,20,100,,R290,R600,181.4,280.0,C2,0.1051,0.1051,378.5,237.2,111.97,2.119,5.34,22.34,79.5,5.07,17.05,106.0,True,True,True,True,True,True,True,,ok
R290,R600,0.4,20,110,,R290,R600,177.6,280.0,C2,0.1069,0.1069,384.9,238.4,123.49,1.93,5.34,24.19,84.0,5.63,20.48,115.7,True,True,True,True,True,True,True,,ok
R290,R600,0.4,20,120,,R290,R600,166.8,280.0,C2,0.106,0.106,381.7,233.5,133.22,1.753,5.34,26.15,88.4,6.23,24.42,125.8,True,True,True,True,True,True,True,,ok
R290,R600,0.4,30,100,,R290,R600,177.0,280.0,C2,0.123,0.123,442.8,277.6,119.63,2.32,7.14,25.16,83.7,5.93,17.05,106.4,True,True,True,True,True,True,True,,ok
R290,R600,0.4,30,110,,R290,R600,174.6,280.0,C2,0.1248,0.1248,449.4,278.3,132.89,2.094,7.14,27.18,88.2,6.55,20.48,116.0,True,True,True,True,True,True,True,,ok
R290,R600,0.4,30,120,,R290,R600,166.0,280.0,C2,0.1237,0.1237,445.2,272.3,144.29,1.887,7.14,29.32,92.6,7.22,24.42,126.2,True,True,True,True,True,True,True,,ok
R290,R600,0.4,40,100,,R290,R600,175.1,280.0,C2,0.1433,0.1433,516.0,323.4,126.43,2.558,9.35,28.24,88.4,6.88,17.05,106.8,True,True,True,True,True,True,True,,ok
R290,R600,0.4,40,110,,R290,R600,174.2,280.0,C2,0.1452,0.1452,522.9,323.8,141.78,2.284,9.35,30.44,92.9,7.57,20.48,116.5,True,True,True,True,True,True,True,,ok
R290,R600,0.5,20,100,,R290,R600,248.9,280.0,C2,0.1295,0.1295,466.2,292.2,139.7,2.092,5.34,26.15,88.4,6.23,17.05,106.5,True,True,True,True,True,True,True,,ok
R290,R600,0.5,20,110,,R290,R600,256.0,280.0,C2,0.1347,0.1347,485.0,300.4,157.64,1.905,5.34,28.78,93.9,7.05,20.48,116.3,True,True,True,True,True,True,True,,ok
R290,R600,0.5,30,100,,R290,R600,233.3,280.0,C2,0.147,0.147,529.1,331.6,145.52,2.279,7.14,28.78,91.5,7.05,17.05,106.9,True,True,True,True,True,True,True,,ok
R290,R600,0.6,20,100,,R290,R600,280.0,230.2,C1,0.1302,0.1302,468.8,293.8,145.47,2.02,5.34,30.44,97.2,7.57,17.05,107.2,True,True,True,True,True,True,True,,ok
R1270,R600a,0.3,20,100,,R1270,R600a,123.6,280.0,C2,0.1004,0.1004,361.3,226.4,112.2,2.018,6.59,22.64,76.6,5.74,22.03,106.7,True,True,True,True,True,True,True,,ok
R1270,R600a,0.3,20,110,,R1270,R600a,105.5,280.0,C2,0.0948,0.0948,341.1,211.3,118.42,1.784,6.59,24.07,80.3,6.21,26.27,117.1,True,True,True,True,True,True,True,,ok
R1270,R600a,0.3,30,100,,R1270,R600a,127.4,280.0,C2,0.1205,0.1205,433.9,272.0,122.1,2.227,8.74,26.09,81.3,6.87,22.03,107.1,True,True,True,True,True,True,True,,ok
R1270,R600a,0.3,30,110,,R1270,R600a,110.8,280.0,C2,0.1137,0.1137,409.4,253.6,129.63,1.956,8.74,27.68,85.0,7.4,26.27,117.5,True,True,True,True,True,True,True,,ok
R1270,R600a,0.3,40,100,,R1270,R600a,132.8,280.0,C2,0.144,0.144,518.6,325.0,131.33,2.475,11.37,29.91,86.5,8.15,22.03,107.5,True,True,True,True,True,True,True,,ok
R1270,R600a,0.4,20,100,,R1270,R600a,170.3,280.0,C2,0.1237,0.1237,445.2,279.1,136.15,2.05,6.59,26.61,86.4,7.04,22.03,107.2,True,True,True,True,True,True,True,,ok
R1270,R600a,0.4,20,110,,R1270,R600a,154.6,280.0,C2,0.1197,0.1197,431.0,266.9,145.6,1.833,6.59,28.78,91.3,7.77,26.27,117.6,True,True,True,True,True,True,True,,ok
R1270,R600a,0.4,30,100,,R1270,R600a,168.2,280.0,C2,0.144,0.144,518.6,325.0,144.85,2.244,8.74,29.91,89.9,8.15,22.03,107.5,True,True,True,True,True,True,True,,ok
R1270,R600,0.3,20,100,,R1270,R600,108.1,280.0,C2,0.0847,0.0847,304.8,191.1,90.74,2.106,6.59,22.64,76.6,4.08,17.05,105.8,True,True,True,True,True,True,True,,ok
R1270,R600,0.3,20,110,,R1270,R600,100.4,280.0,C2,0.084,0.084,302.6,187.4,98.27,1.907,6.59,24.07,80.3,4.43,20.48,115.7,True,True,True,True,True,True,True,,ok
R1270,R600,0.3,20,120,,R1270,R600,88.6,280.0,C2,0.0814,0.0814,292.9,179.1,104.41,1.716,6.59,25.57,84.0,4.81,24.42,125.6,True,True,True,True,True,True,True,,ok
R1270,R600,0.3,30,100,,R1270,R600,111.4,280.0,C2,0.1024,0.1024,368.6,231.0,99.71,2.317,8.74,26.09,81.3,4.94,17.05,105.9,True,True,True,True,True,True,True,,ok
R1270,R600,0.3,30,110,,R1270,R600,104.4,280.0,C2,0.1014,0.1014,365.1,226.1,108.59,2.083,8.74,27.68,85.0,5.35,20.48,115.7,True,True,True,True,True,True,True,,ok
R1270,R600,0.3,30,120,,R1270,R600,93.6,280.0,C2,0.098,0.098,352.9,215.9,115.9,1.863,8.74,29.34,88.7,5.78,24.42,125.6,True,True,True,True,True,True,True,,ok
R1270,R600,0.3,40,100,,R1270,R600,115.9,280.0,C2,0.123,0.123,442.8,277.6,108.19,2.565,11.37,29.91,86.5,5.93,17.05,106.4,True,True,True,True,True,True,True,,ok
R1270,R600,0.4,20,100,,R1270,R600,148.8,280.0,C2,0.1051,0.1051,378.5,237.2,112.04,2.117,6.59,26.61,86.4,5.07,17.05,106.0,True,True,True,True,True,True,True,,ok
R1270,R600,0.4,20,110,,R1270,R600,145.4,280.0,C2,0.1069,0.1069,384.9,238.4,123.58,1.929,6.59,28.78,91.3,5.63,20.48,115.7,True,True,True,True,True,True,True,,ok
R1270,R600,0.4,30,100,,R1270,R600,146.8,280.0,C2,0.123,0.123,442.8,277.6,119.99,2.313,8.74,29.91,89.9,5.93,17.05,106.4,True,True,True,True,True,True,True,,ok
R717,R600a,0.3,20,100,,R717-LP,R600a,108.2,280.0,C2,0.1004,0.1004,361.3,226.4,110.03,2.058,4.98,22.82,147.0,5.74,22.03,106.7,True,True,True,True,True,True,True,,ok
R717,R600a,0.3,20,110,,R717-LP,R600a,90.9,280.0,C2,0.0948,0.0948,341.1,211.3,116.18,1.818,4.98,24.58,154.8,6.21,26.27,117.1,True,True,True,True,True,True,True,,ok
R717,R600a,0.3,30,100,,R717-LP,R600a,103.2,280.0,C2,0.1205,0.1205,433.9,272.0,118.6,2.293,7.11,27.09,141.0,6.87,22.03,107.1,True,True,True,True,True,True,True,,ok
R717,R600a,0.3,40,100,,R717-HP,R600a,99.9,280.0,C2,0.144,0.144,518.6,325.0,125.99,2.58,9.85,31.93,136.9,8.15,22.03,107.5,True,True,True,True,True,True,True,,ok
R717,R600a,0.3,50,100,,R717-HP,R600a,97.9,280.0,C2,0.1714,0.1714,617.2,386.8,131.72,2.937,13.32,37.39,134.4,9.59,22.03,108.0,True,True,True,True,True,True,True,,ok
R717,R600a,0.4,20,100,,R717-LP,R600a,142.5,280.0,C2,0.1237,0.1237,445.2,279.1,131.32,2.125,4.98,27.74,167.7,7.04,22.03,107.2,True,True,True,True,True,True,True,,ok
R717,R600a,0.4,20,110,,R717-HP,R600a,126.2,280.0,C2,0.1197,0.1197,431.0,266.9,140.17,1.904,4.98,30.48,177.9,7.77,26.27,117.6,True,True,True,True,True,True,True,,ok
R717,R600a,0.4,30,100,,R717-HP,R600a,130.3,280.0,C2,0.144,0.144,518.6,325.0,138.0,2.355,7.11,31.93,158.3,8.15,22.03,107.5,True,True,True,True,True,True,True,,ok
R717,R600a,0.4,30,110,,R717-HP,R600a,116.6,280.0,C2,0.1394,0.1394,501.7,310.7,148.35,2.094,7.11,34.97,168.1,8.95,26.27,117.9,True,True,True,True,True,True,True,,ok
R717,R600a,0.4,40,100,,R717-HP,R600a,121.3,280.0,C2,0.1673,0.1673,602.2,377.4,143.2,2.636,9.85,36.57,151.1,9.37,22.03,108.0,True,True,True,True,True,True,True,,ok
R717,R600a,0.4,40,110,,R717-HP,R600a,109.6,280.0,C2,0.1618,0.1618,582.3,360.7,155.29,2.322,9.85,39.94,160.5,10.26,26.27,118.3,True,True,True,True,True,True,True,,ok
R717,R600a,0.4,50,100,,R717-HP,R600a,114.7,280.0,C2,0.1937,0.1937,697.3,437.1,146.48,2.984,13.32,41.71,145.8,10.73,22.03,108.4,True,True,True,True,True,True,True,,ok
R717,R600a,0.4,50,110,,R717-HP,R600a,104.5,280.0,C2,0.1873,0.1873,674.3,417.6,160.63,2.6,13.32,45.42,154.8,11.7,26.27,118.7,True,True,True,True,True,True,True,,ok
R717,R600a,0.5,30,100,,R717-HP,R600a,163.1,280.0,C2,0.1714,0.1714,617.2,386.8,161.39,2.397,7.11,37.39,175.4,9.59,22.03,108.0,True,True,True,True,True,True,True,,ok
R717,R600a,0.5,40,100,,R717-HP,R600a,146.6,280.0,C2,0.1937,0.1937,697.3,437.1,163.6,2.671,9.85,41.71,165.2,10.73,22.03,108.4,True,True,True,True,True,True,True,,ok
R717,R600a,0.5,40,110,,R717-HP,R600a,137.8,280.0,C2,0.1919,0.1919,690.8,427.8,180.04,2.376,9.85,46.39,176.8,11.96,26.27,118.8,True,True,True,True,True,True,True,,ok
R717,R600a,0.5,50,100,,R717-HP,R600a,133.9,280.0,C2,0.2185,0.2185,786.6,493.0,163.68,3.012,13.32,46.39,157.1,11.96,22.03,108.8,True,True,True,True,True,True,True,,ok
R717,R600a,0.5,50,110,,R717-HP,R600a,126.7,280.0,C2,0.2164,0.2164,779.1,482.5,182.33,2.646,13.32,51.46,168.3,13.29,26.27,119.1,True,True,True,True,True,True,True,,ok
R717,R600a,0.6,40,100,,R717-HP,R600a,176.2,280.0,C2,0.2238,0.2238,805.6,504.9,187.98,2.686,9.85,47.37,179.2,12.21,22.03,108.8,True,True,True,True,True,True,True,,ok
R717,R600a,0.6,50,100,,R717-HP,R600a,155.9,280.0,C2,0.2461,0.2461,886.0,555.3,183.83,3.021,13.32,51.46,168.3,13.29,22.03,109.1,True,True,True,True,True,True,True,,ok
R717,R600,0.3,20,100,,R717-LP,R600,94.7,280.0,C2,0.0847,0.0847,304.8,191.1,88.84,2.151,4.98,22.82,147.0,4.08,17.05,105.8,True,True,True,True,True,True,True,,ok
R717,R600,0.3,20,110,,R717-LP,R600,86.5,280.0,C2,0.084,0.084,302.6,187.4,96.14,1.949,4.98,24.58,154.8,4.43,20.48,115.7,True,True,True,True,True,True,True,,ok
R717,R600,0.3,20,120,,R717-LP,R600,75.0,280.0,C2,0.0814,0.0814,292.9,179.1,102.17,1.753,4.98,26.44,162.5,4.81,24.42,125.6,True,True,True,True,True,True,True,,ok
R717,R600,0.3,30,100,,R717-LP,R600,90.2,280.0,C2,0.1024,0.1024,368.6,231.0,96.65,2.39,7.11,27.09,141.0,4.94,17.05,105.9,True,True,True,True,True,True,True,,ok
R717,R600,0.4,20,100,,R717-LP,R600,124.5,280.0,C2,0.1051,0.1051,378.5,237.2,107.82,2.2,4.98,27.74,167.7,5.07,17.05,106.0,True,True,True,True,True,True,True,,ok
R717,R600,0.4,20,110,,R717-HP,R600,118.7,280.0,C2,0.1069,0.1069,384.9,238.4,118.47,2.012,4.98,30.48,177.9,5.63,20.48,115.7,True,True,True,True,True,True,True,,ok
R717,R600,0.4,30,100,,R717-HP,R600,113.8,280.0,C2,0.123,0.123,442.8,277.6,114.02,2.434,7.11,31.93,158.3,5.93,17.05,106.4,True,True,True,True,True,True,True,,ok
R717,R600,0.4,30,110,,R717-HP,R600,108.9,280.0,C2,0.1248,0.1248,449.4,278.3,126.06,2.208,7.11,34.97,168.1,6.55,20.48,116.0,True,True,True,True,True,True,True,,ok
R717,R600,0.4,30,120,,R717-HP,R600,100.3,280.0,C2,0.1237,0.1237,445.2,272.3,136.36,1.997,7.11,38.23,177.8,7.22,24.42,126.2,True,True,True,True,True,True,True,,ok
R717,R600,0.4,40,100,,R717-HP,R600,105.8,280.0,C2,0.1433,0.1433,516.0,323.4,118.98,2.718,9.85,36.57,151.1,6.88,17.05,106.8,True,True,True,True,True,True,True,,ok
R717,R600,0.4,40,110,,R717-HP,R600,101.8,280.0,C2,0.1452,0.1452,522.9,323.8,132.62,2.442,9.85,39.94,160.5,7.57,20.48,116.5,True,True,True,True,True,True,True,,ok
R717,R600,0.4,40,120,,R717-HP,R600,94.4,280.0,C2,0.1437,0.1437,517.5,316.5,144.44,2.191,9.85,43.54,169.9,8.32,24.42,126.7,True,True,True,True,True,True,True,,ok
R717,R600,0.4,50,100,,R717-HP,R600,99.8,280.0,C2,0.1664,0.1664,599.1,375.5,122.33,3.069,13.32,41.71,145.8,7.94,17.05,107.3,True,True,True,True,True,True,True,,ok
R717,R600,0.4,50,110,,R717-HP,R600,96.5,280.0,C2,0.1684,0.1684,606.4,375.5,137.8,2.725,13.32,45.42,154.8,8.71,20.48,117.0,True,True,True,True,True,True,True,,ok
R717,R600,0.4,50,120,,R717-HP,R600,90.2,280.0,C2,0.1666,0.1666,599.7,366.8,151.4,2.423,13.32,49.38,163.8,9.53,24.42,127.2,True,True,True,True,True,True,True,,ok
R717,R600,0.5,30,100,,R717-HP,R600,142.2,280.0,C2,0.147,0.147,529.1,331.6,134.9,2.458,7.11,37.39,175.4,7.05,17.05,106.9,True,True,True,True,True,True,True,,ok
R717,R600,0.5,40,100,,R717-HP,R600,127.6,280.0,C2,0.1664,0.1664,599.1,375.5,137.23,2.736,9.85,41.71,165.2,7.94,17.05,107.3,True,True,True,True,True,True,True,,ok
R717,R600,0.5,40,110,,R717-HP,R600,127.1,280.0,C2,0.1726,0.1726,621.3,384.8,155.76,2.471,9.85,46.39,176.8,8.91,20.48,117.1,True,True,True,True,True,True,True,,ok
R717,R600,0.5,50,100,,R717-HP,R600,116.4,280.0,C2,0.188,0.188,676.8,424.2,137.73,3.08,13.32,46.39,157.1,8.91,17.05,107.8,True,True,True,True,True,True,True,,ok
R717,R600,0.5,50,110,,R717-HP,R600,116.3,280.0,C2,0.1948,0.1948,701.1,434.2,158.11,2.746,13.32,51.46,168.3,9.97,20.48,117.6,True,True,True,True,True,True,True,,ok
R717,R600,0.6,40,100,,R717-HP,R600,153.1,280.0,C2,0.1926,0.1926,693.3,434.5,158.93,2.734,9.85,47.37,179.2,9.12,17.05,107.9,True,True,True,True,True,True,True,,ok
R717,R600,0.6,50,100,,R717-HP,R600,135.3,280.0,C2,0.212,0.212,763.0,478.2,155.67,3.072,13.32,51.46,168.3,9.97,17.05,108.3,True,True,True,True,True,True,True,,ok
