f1,f2,pair,ls,T_src,T_steam,epsilon_old,epsilon_new,d_eps_pp,E_F [kW]_old,E_F [kW]_new,E12_kW,E_P [kW],E_D [kW],c_P [EUR/GJ],COP
R717,R600,R717/R600,0.5,60.0,100.0,0.497,0.589,9.199999999999998,486.84,410.57,76.26999999999998,241.88,168.69,88.618,3.452
R717,R600,R717/R600,0.4,60.0,100.0,0.497,0.59,9.299999999999997,486.32,410.09,76.23000000000002,241.88,168.21,88.79,3.457
R717,R600,R717/R600,0.3,60.0,100.0,0.497,0.589,9.199999999999998,487.09,410.8,76.28999999999996,241.88,168.93,89.286,3.449
R717,R600a,R717/R600a,0.5,60.0,100.0,0.49,0.58,8.999999999999996,493.62,416.8,76.82,241.88,174.93,89.815,3.382
R717,R600a,R717/R600a,0.4,60.0,100.0,0.489,0.579,8.999999999999996,494.7,417.8,76.89999999999998,241.88,175.92,90.283,3.371
R717,R600a,R717/R600a,0.3,60.0,100.0,0.486,0.576,8.999999999999996,497.27,420.16,77.10999999999996,241.88,178.29,91.113,3.345
R290,R600,R290/R600,0.3,60.0,100.0,0.473,0.559,8.600000000000009,511.27,433.03,78.24000000000001,241.88,191.15,96.47,3.212
R1270,R600,R1270/R600,0.3,60.0,100.0,0.468,0.552,8.400000000000002,516.89,438.2,78.69,241.88,196.32,96.745,3.161
R290,R600,R290/R600,0.4,60.0,100.0,0.466,0.549,8.300000000000002,519.15,440.28,78.87,241.88,198.4,97.953,3.141
R717,R600,R717/R600,0.5,50.0,100.0,0.524,0.566,4.199999999999992,461.88,427.07,34.81,241.88,185.2,98.201,3.059
R1270,R600,R1270/R600,0.4,60.0,100.0,0.459,0.541,8.200000000000001,526.45,446.98,79.47000000000003,241.88,205.1,98.599,3.079
R290,R600a,R290/R600a,0.3,60.0,100.0,0.464,0.547,8.300000000000002,521.04,442.0,79.03999999999996,241.88,200.13,98.65,3.125
R717,R600,R717/R600,0.4,50.0,100.0,0.523,0.566,4.299999999999993,462.28,427.45,34.829999999999984,241.88,185.57,98.686,3.056
R1270,R600a,R1270/R600a,0.3,60.0,100.0,0.459,0.541,8.200000000000001,526.59,447.11,79.48000000000002,241.88,205.23,98.773,3.078
R717,R600a,R717/R600a,0.5,50.0,100.0,0.514,0.556,4.200000000000004,470.25,434.99,35.25999999999999,241.88,193.11,99.612,2.992
R717,R600,R717/R600,0.3,50.0,100.0,0.521,0.563,4.199999999999992,464.63,429.67,34.95999999999998,241.88,187.79,99.674,3.037
R290,R600a,R290/R600a,0.4,60.0,100.0,0.459,0.54,8.100000000000001,527.1,447.57,79.53000000000003,241.88,205.7,99.792,3.073
R1270,R600a,R1270/R600a,0.4,60.0,100.0,0.453,0.533,8.000000000000002,534.32,454.2,80.12000000000006,241.88,212.33,100.286,3.014
R290,R600,R290/R600,0.5,60.0,100.0,0.455,0.536,8.100000000000001,531.02,451.18,79.83999999999997,241.88,209.3,100.391,3.041
R717,R600a,R717/R600a,0.4,50.0,100.0,0.511,0.553,4.200000000000004,472.88,437.47,35.40999999999997,241.88,195.6,100.497,2.971
R290,R600a,R290/R600a,0.5,60.0,100.0,0.45,0.529,7.900000000000001,537.33,456.97,80.36000000000001,241.88,215.09,101.929,2.99
R717,R600a,R717/R600a,0.3,50.0,100.0,0.506,0.547,4.100000000000003,477.77,442.1,35.66999999999996,241.88,200.22,101.945,2.933
R1270,R600,R1270/R600,0.3,50.0,100.0,0.496,0.536,4.0000000000000036,487.74,451.53,36.210000000000036,241.88,209.65,105.486,2.859
R290,R600,R290/R600,0.3,50.0,100.0,0.5,0.54,4.0000000000000036,483.97,447.96,36.01000000000005,241.88,206.09,105.753,2.887
R1270,R600,R1270/R600,0.4,50.0,100.0,0.488,0.527,3.9000000000000035,495.3,458.67,36.629999999999995,241.88,216.8,106.696,2.805
R290,R600,R290/R600,0.4,50.0,100.0,0.493,0.533,4.0000000000000036,490.31,453.95,36.360000000000014,241.88,212.07,106.735,2.84
R1270,R600a,R1270/R600a,0.3,50.0,100.0,0.483,0.522,3.9000000000000035,500.39,463.48,36.90999999999997,241.88,221.6,107.977,2.77
R717,R600,R717/R600,0.5,40.0,100.0,0.532,0.544,1.200000000000001,454.99,444.89,10.100000000000023,241.88,203.02,108.087,2.744
R290,R600a,R290/R600a,0.3,50.0,100.0,0.487,0.526,3.9000000000000035,496.68,459.97,36.70999999999998,241.88,218.1,108.4,2.796
R1270,R600a,R1270/R600a,0.4,50.0,100.0,0.479,0.517,3.8000000000000034,505.35,468.16,37.19,241.88,226.29,108.71,2.737
R290,R600a,R290/R600a,0.4,50.0,100.0,0.483,0.522,3.9000000000000035,500.42,463.5,36.920000000000016,241.88,221.62,108.902,2.77
R290,R600,R290/R600,0.5,50.0,100.0,0.482,0.52,3.8000000000000034,501.79,464.79,37.0,241.88,222.92,108.957,2.761
R717,R600,R717/R600,0.4,40.0,100.0,0.53,0.542,1.200000000000001,456.65,446.51,10.139999999999986,241.88,204.63,108.989,2.733
R1270,R600,R1270/R600,0.5,50.0,100.0,0.476,0.513,3.7000000000000033,508.49,471.12,37.370000000000005,241.88,229.25,109.264,2.716
R717,R600a,R717/R600a,0.5,40.0,100.0,0.52,0.532,1.200000000000001,465.04,454.67,10.370000000000005,241.88,212.8,109.72,2.679
R717,R600,R717/R600,0.3,40.0,100.0,0.525,0.537,1.200000000000001,461.03,450.77,10.259999999999991,241.88,208.9,110.633,2.705
R290,R600a,R290/R600a,0.5,50.0,100.0,0.475,0.512,3.7000000000000033,509.62,472.19,37.43000000000001,241.88,230.32,110.709,2.709
R1270,R600a,R1270/R600a,0.5,50.0,100.0,0.469,0.506,3.7000000000000033,516.26,478.46,37.80000000000001,241.88,236.58,110.864,2.666
R717,R600a,R717/R600a,0.4,40.0,100.0,0.515,0.527,1.200000000000001,469.65,459.16,10.489999999999952,241.88,217.28,111.136,2.65
R717,R600a,R717/R600a,0.3,40.0,100.0,0.507,0.518,1.100000000000001,477.45,466.75,10.699999999999989,241.88,224.87,113.371,2.602
R1270,R600,R1270/R600,0.3,40.0,100.0,0.505,0.516,1.100000000000001,479.12,468.38,10.740000000000009,241.88,226.5,115.173,2.592
R1270,R600,R1270/R600,0.4,40.0,100.0,0.5,0.511,1.100000000000001,484.13,473.26,10.870000000000005,241.88,231.38,115.594,2.563
R290,R600,R290/R600,0.3,40.0,100.0,0.508,0.519,1.100000000000001,476.56,465.89,10.670000000000016,241.88,224.01,115.817,2.608
R290,R600,R290/R600,0.4,40.0,100.0,0.503,0.515,1.200000000000001,480.74,469.96,10.78000000000003,241.88,228.08,116.127,2.583
R1270,R600,R1270/R600,0.5,40.0,100.0,0.488,0.499,1.100000000000001,495.88,484.67,11.20999999999998,241.88,242.8,117.672,2.496
R1270,R600a,R1270/R600a,0.4,40.0,100.0,0.487,0.498,1.100000000000001,496.55,485.33,11.220000000000027,241.88,243.45,117.948,2.492
R290,R600,R290/R600,0.5,40.0,100.0,0.492,0.504,1.200000000000001,491.3,480.22,11.079999999999984,241.88,238.35,118.02,2.522
R1270,R600a,R1270/R600a,0.3,40.0,100.0,0.489,0.5,1.100000000000001,495.03,483.85,11.17999999999995,241.88,241.98,118.15,2.501
R717,R600,R717/R600,0.5,30.0,100.0,0.518,0.518,0.0,467.22,467.22,0.0,241.88,222.22,118.326,2.486
R290,R600a,R290/R600a,0.4,40.0,100.0,0.49,0.502,1.200000000000001,493.21,482.08,11.129999999999995,241.88,240.2,118.632,2.511
R290,R600a,R290/R600a,0.3,40.0,100.0,0.491,0.502,1.100000000000001,492.52,481.41,11.109999999999957,241.88,239.54,118.95,2.515
R1270,R600a,R1270/R600a,0.5,40.0,100.0,0.479,0.49,1.100000000000001,505.27,493.8,11.46999999999997,241.88,251.93,119.489,2.445
R717,R600,R717/R600,0.4,30.0,100.0,0.514,0.514,0.0,470.45,470.45,0.0,241.88,225.47,119.756,2.469
R290,R600a,R290/R600a,0.5,40.0,100.0,0.483,0.494,1.100000000000001,500.74,489.4,11.340000000000032,241.88,247.53,119.984,2.47
R717,R600a,R717/R600a,0.5,30.0,100.0,0.505,0.505,0.0,479.01,479.01,0.0,241.88,234.06,120.18,2.423
R717,R600,R717/R600,0.3,30.0,100.0,0.507,0.507,0.0,477.3,477.3,0.0,241.88,232.34,120.575,2.432
R717,R600a,R717/R600a,0.4,30.0,100.0,0.498,0.498,0.0,485.99,485.99,0.0,241.88,241.06,122.237,2.387
R717,R600a,R717/R600a,0.3,30.0,100.0,0.486,0.486,0.0,497.24,497.24,0.0,241.88,252.34,123.819,2.332
R1270,R600,R1270/R600,0.4,30.0,100.0,0.49,0.49,0.0,493.34,493.34,0.0,241.88,248.42,125.142,2.351
R1270,R600,R1270/R600,0.3,30.0,100.0,0.492,0.492,0.0,491.34,491.34,0.0,241.88,246.42,125.69,2.361
R290,R600,R290/R600,0.4,30.0,100.0,0.493,0.493,0.0,491.1,491.1,0.0,241.88,246.18,126.068,2.362
R290,R600,R290/R600,0.3,30.0,100.0,0.494,0.494,0.0,489.6,489.6,0.0,241.88,244.67,126.62,2.369
R1270,R600,R1270/R600,0.5,30.0,100.0,0.481,0.481,0.0,503.22,503.22,0.0,241.88,258.33,126.63,2.303
R290,R600,R290/R600,0.5,30.0,100.0,0.483,0.483,0.0,500.27,500.27,0.0,241.88,255.37,127.522,2.317
R1270,R600a,R1270/R600a,0.4,30.0,100.0,0.476,0.476,0.0,508.28,508.28,0.0,241.88,263.39,127.833,2.28
R1270,R600a,R1270/R600a,0.5,30.0,100.0,0.47,0.47,0.0,514.32,514.32,0.0,241.88,269.44,128.656,2.252
R290,R600a,R290/R600a,0.4,30.0,100.0,0.478,0.478,0.0,506.08,506.08,0.0,241.88,261.18,128.901,2.29
R717,R600,R717/R600,0.5,20.0,100.0,0.484,0.484,0.0,499.74,499.74,0.0,241.88,242.89,129.002,2.271
R717,R600,R717/R600,0.4,20.0,100.0,0.479,0.479,0.0,504.83,504.83,0.0,241.88,248.16,129.003,2.248
R1270,R600a,R1270/R600a,0.3,30.0,100.0,0.474,0.474,0.0,510.79,510.79,0.0,241.88,265.91,129.148,2.268
R290,R600a,R290/R600a,0.5,30.0,100.0,0.473,0.473,0.0,511.4,511.4,0.0,241.88,266.52,129.687,2.266
R290,R600a,R290/R600a,0.3,30.0,100.0,0.475,0.475,0.0,509.09,509.09,0.0,241.88,264.2,130.228,2.276
R717,R600a,R717/R600a,0.5,20.0,100.0,0.471,0.471,0.0,513.33,513.33,0.0,241.88,256.96,131.061,2.211
R717,R600a,R717/R600a,0.4,20.0,100.0,0.462,0.462,0.0,523.04,523.04,0.0,241.88,267.0,131.847,2.169
R717,R600,R717/R600,0.3,20.0,100.0,0.47,0.47,0.0,514.53,514.53,0.0,241.88,258.2,132.696,2.205
R1270,R600,R1270/R600,0.4,20.0,100.0,0.462,0.462,0.0,523.67,523.67,0.0,241.88,267.65,135.304,2.167
R1270,R600,R1270/R600,0.5,20.0,100.0,0.455,0.455,0.0,531.35,531.35,0.0,241.88,275.59,136.09,2.135
R717,R600a,R717/R600a,0.3,20.0,100.0,0.449,0.449,0.0,538.24,538.24,0.0,241.88,282.71,136.373,2.108
R290,R600,R290/R600,0.4,20.0,100.0,0.463,0.463,0.0,522.27,522.27,0.0,241.88,266.2,136.573,2.173
R1270,R600,R1270/R600,0.3,20.0,100.0,0.461,0.461,0.0,525.13,525.13,0.0,241.88,269.16,137.064,2.161
R290,R600,R290/R600,0.5,20.0,100.0,0.457,0.457,0.0,529.66,529.66,0.0,241.88,273.84,137.482,2.142
R290,R600,R290/R600,0.3,20.0,100.0,0.462,0.462,0.0,523.95,523.95,0.0,241.88,267.94,138.232,2.166
R1270,R600a,R1270/R600a,0.4,20.0,100.0,0.447,0.447,0.0,541.27,541.27,0.0,241.88,285.84,138.305,2.096
R1270,R600a,R1270/R600a,0.5,20.0,100.0,0.444,0.444,0.0,544.2,544.2,0.0,241.88,288.87,138.308,2.085
R290,R600a,R290/R600a,0.4,20.0,100.0,0.448,0.448,0.0,539.9,539.9,0.0,241.88,284.42,139.701,2.101
R290,R600a,R290/R600a,0.5,20.0,100.0,0.446,0.446,0.0,542.53,542.53,0.0,241.88,287.14,139.821,2.091
R1270,R600a,R1270/R600a,0.3,20.0,100.0,0.441,0.441,0.0,548.38,548.38,0.0,241.88,293.18,140.951,2.069
R290,R600a,R290/R600a,0.3,20.0,100.0,0.442,0.442,0.0,547.23,547.23,0.0,241.88,291.99,142.257,2.073
R717,R600,R717/R600,0.5,60.0,110.0,0.5,0.59,8.999999999999996,524.01,443.59,80.42000000000002,261.87,181.72,88.8,3.063
R717,R600,R717/R600,0.4,60.0,110.0,0.499,0.59,9.099999999999998,524.59,444.11,80.48000000000002,261.87,182.25,89.225,3.058
R717,R600,R717/R600,0.3,60.0,110.0,0.497,0.586,8.899999999999997,527.39,446.69,80.69999999999999,261.87,184.82,90.159,3.034
R717,R600a,R717/R600a,0.5,60.0,110.0,0.488,0.576,8.799999999999997,536.42,454.97,81.44999999999993,261.87,193.1,91.277,2.962
R717,R600a,R717/R600a,0.4,60.0,110.0,0.485,0.571,8.599999999999996,540.2,458.44,81.76000000000005,261.87,196.57,92.295,2.932
R717,R600a,R717/R600a,0.3,60.0,110.0,0.479,0.564,8.499999999999996,546.65,464.36,82.28999999999996,261.87,202.49,93.911,2.883
R717,R600,R717/R600,0.5,50.0,110.0,0.525,0.568,4.299999999999993,498.53,460.93,37.599999999999966,261.87,199.07,97.506,2.75
R290,R600,R290/R600,0.3,60.0,110.0,0.472,0.555,8.300000000000008,555.18,472.17,83.00999999999993,261.87,210.31,97.708,2.821
R1270,R600,R1270/R600,0.3,60.0,110.0,0.466,0.548,8.200000000000001,561.57,478.03,83.54000000000008,261.87,216.16,98.101,2.776
R717,R600,R717/R600,0.4,50.0,110.0,0.523,0.566,4.299999999999993,500.69,462.97,37.71999999999997,261.87,201.11,98.356,2.735
R290,R600,R290/R600,0.4,60.0,110.0,0.463,0.544,8.100000000000001,565.25,481.41,83.83999999999997,261.87,219.54,99.503,2.751
R717,R600,R717/R600,0.3,50.0,110.0,0.518,0.56,4.200000000000004,505.95,467.94,38.00999999999999,261.87,206.07,99.937,2.7
R717,R600a,R717/R600a,0.5,50.0,110.0,0.51,0.551,4.100000000000003,513.34,474.91,38.43000000000001,261.87,213.04,100.334,2.653
R290,R600a,R290/R600a,0.3,60.0,110.0,0.457,0.536,7.900000000000001,573.53,488.99,84.53999999999996,261.87,227.12,101.815,2.696
R717,R600a,R717/R600a,0.4,50.0,110.0,0.504,0.544,4.0000000000000036,519.74,480.94,38.80000000000001,261.87,219.08,101.955,2.613
R1270,R600a,R1270/R600a,0.3,60.0,110.0,0.452,0.529,7.700000000000001,579.76,494.7,85.06,261.87,232.83,102.005,2.656
R290,R600a,R290/R600a,0.4,60.0,110.0,0.452,0.529,7.700000000000001,579.83,494.76,85.07000000000005,261.87,232.89,102.897,2.655
R717,R600a,R717/R600a,0.3,50.0,110.0,0.494,0.534,4.0000000000000036,529.9,490.53,39.370000000000005,261.87,228.66,104.439,2.552
R1270,R600,R1270/R600,0.3,50.0,110.0,0.492,0.532,4.0000000000000036,532.06,492.56,39.49999999999994,261.87,230.69,106.062,2.54
R290,R600,R290/R600,0.3,50.0,110.0,0.496,0.536,4.0000000000000036,527.9,488.64,39.25999999999999,261.87,226.77,106.268,2.564
R717,R600,R717/R600,0.5,40.0,110.0,0.533,0.546,1.3000000000000012,491.12,479.66,11.45999999999998,261.87,217.79,106.488,2.493
R290,R600,R290/R600,0.4,50.0,110.0,0.49,0.529,3.9000000000000035,534.78,495.13,39.64999999999998,261.87,233.26,107.227,2.524
R1270,R600,R1270/R600,0.4,50.0,110.0,0.484,0.523,3.9000000000000035,540.71,500.72,39.99000000000001,261.87,238.85,107.35,2.491
R717,R600,R717/R600,0.4,40.0,110.0,0.529,0.541,1.200000000000001,495.26,483.68,11.579999999999984,261.87,221.81,107.87,2.47
R717,R600a,R717/R600a,0.5,40.0,110.0,0.515,0.527,1.200000000000001,508.44,496.48,11.95999999999998,261.87,234.61,109.681,2.4
R290,R600,R290/R600,0.5,50.0,110.0,0.476,0.514,3.8000000000000034,550.44,509.88,40.56000000000006,261.87,248.02,110.143,2.438
R717,R600,R717/R600,0.3,40.0,110.0,0.52,0.533,1.3000000000000012,503.49,491.67,11.819999999999993,261.87,229.81,110.269,2.426
R1270,R600a,R1270/R600a,0.3,50.0,110.0,0.472,0.509,3.7000000000000033,554.95,514.13,40.82000000000005,261.87,252.26,110.758,2.414
R1270,R600a,R1270/R600a,0.4,50.0,110.0,0.469,0.506,3.7000000000000033,558.52,517.49,41.02999999999997,261.87,255.62,111.095,2.395
R290,R600a,R290/R600a,0.3,50.0,110.0,0.475,0.513,3.8000000000000034,550.92,510.33,40.589999999999975,261.87,248.47,111.174,2.435
R290,R600a,R290/R600a,0.4,50.0,110.0,0.474,0.511,3.7000000000000033,552.72,512.03,40.690000000000055,261.87,250.16,111.174,2.426
R717,R600a,R717/R600a,0.4,40.0,110.0,0.506,0.518,1.200000000000001,517.97,505.73,12.240000000000009,261.87,243.87,112.03,2.352
R290,R600a,R290/R600a,0.5,50.0,110.0,0.464,0.501,3.6999999999999975,564.0,522.64,41.360000000000014,261.87,260.78,113.274,2.368
R1270,R600,R1270/R600,0.3,40.0,110.0,0.5,0.512,1.200000000000001,523.69,511.28,12.410000000000082,261.87,249.42,115.055,2.324
R1270,R600,R1270/R600,0.4,40.0,110.0,0.496,0.508,1.200000000000001,528.06,515.52,12.539999999999964,261.87,253.66,115.217,2.303
R717,R600a,R717/R600a,0.3,40.0,110.0,0.492,0.504,1.200000000000001,532.57,519.9,12.670000000000073,261.87,258.03,115.573,2.281
R290,R600,R290/R600,0.3,40.0,110.0,0.503,0.515,1.200000000000001,520.95,508.62,12.330000000000041,261.87,246.76,115.656,2.337
R290,R600,R290/R600,0.4,40.0,110.0,0.5,0.512,1.200000000000001,524.18,511.75,12.42999999999995,261.87,249.89,115.657,2.321
R717,R600,R717/R600,0.5,30.0,110.0,0.521,0.521,0.0,502.82,502.82,0.0,261.87,237.96,115.789,2.278
R717,R600,R717/R600,0.4,30.0,110.0,0.514,0.514,0.0,509.28,509.28,0.0,261.87,244.42,117.813,2.248
R1270,R600,R1270/R600,0.5,40.0,110.0,0.482,0.494,1.200000000000001,543.17,530.18,12.990000000000009,261.87,268.31,117.814,2.233
R290,R600,R290/R600,0.5,40.0,110.0,0.487,0.499,1.200000000000001,537.47,524.65,12.82000000000005,261.87,262.78,117.953,2.259
R717,R600a,R717/R600a,0.5,30.0,110.0,0.501,0.501,0.0,522.73,522.73,0.0,261.87,257.88,119.349,2.189
R1270,R600a,R1270/R600a,0.4,40.0,110.0,0.477,0.488,1.100000000000001,549.51,536.32,13.18999999999994,261.87,274.45,119.541,2.205
R290,R600a,R290/R600a,0.4,40.0,110.0,0.48,0.492,1.200000000000001,545.73,532.66,13.07000000000005,261.87,270.79,120.181,2.222
R1270,R600a,R1270/R600a,0.3,40.0,110.0,0.475,0.486,1.100000000000001,551.73,538.47,13.259999999999991,261.87,276.61,120.596,2.195
R1270,R600a,R1270/R600a,0.5,40.0,110.0,0.468,0.48,1.1999999999999955,559.02,545.53,13.490000000000009,261.87,283.66,121.11,2.164
R717,R600,R717/R600,0.3,30.0,110.0,0.503,0.503,0.0,520.97,520.97,0.0,261.87,256.12,121.239,2.197
R290,R600a,R290/R600a,0.3,40.0,110.0,0.477,0.489,1.200000000000001,549.1,535.92,13.180000000000064,261.87,274.05,121.414,2.207
R290,R600a,R290/R600a,0.5,40.0,110.0,0.473,0.485,1.200000000000001,553.42,540.11,13.309999999999945,261.87,278.24,121.442,2.188
R717,R600a,R717/R600a,0.4,30.0,110.0,0.489,0.491,0.20000000000000018,535.88,532.9,2.980000000000018,261.87,271.03,122.546,2.134
R1270,R600,R1270/R600,0.4,30.0,110.0,0.488,0.491,0.30000000000000027,536.33,533.34,2.990000000000009,261.87,271.47,123.81,2.132
R290,R600,R290/R600,0.4,30.0,110.0,0.491,0.493,0.20000000000000018,533.86,530.88,2.980000000000018,261.87,269.01,124.672,2.142
R1270,R600,R1270/R600,0.3,30.0,110.0,0.488,0.491,0.30000000000000027,536.55,533.56,2.990000000000009,261.87,271.7,124.922,2.131
R717,R600,R717/R600,0.5,20.0,110.0,0.49,0.49,0.0,534.8,534.8,0.0,261.87,259.63,125.481,2.096
R1270,R600,R1270/R600,0.5,30.0,110.0,0.478,0.481,0.30000000000000027,547.97,544.98,2.990000000000009,261.87,283.11,125.511,2.086
R290,R600,R290/R600,0.3,30.0,110.0,0.49,0.492,0.20000000000000018,534.75,531.76,2.990000000000009,261.87,269.9,125.811,2.139
R290,R600,R290/R600,0.5,30.0,110.0,0.481,0.484,0.30000000000000027,544.44,541.45,2.990000000000009,261.87,279.58,126.287,2.099
R717,R600a,R717/R600a,0.3,30.0,110.0,0.471,0.474,0.30000000000000027,555.57,552.57,3.0,261.87,290.7,127.358,2.056
R717,R600,R717/R600,0.4,20.0,110.0,0.481,0.481,0.0,543.89,543.89,0.0,261.87,269.01,128.259,2.061
R1270,R600a,R1270/R600a,0.4,30.0,110.0,0.466,0.469,0.2999999999999947,561.65,558.64,3.009999999999991,261.87,296.77,128.724,2.034
R1270,R600a,R1270/R600a,0.5,30.0,110.0,0.462,0.465,0.30000000000000027,566.34,563.32,3.019999999999982,261.87,301.45,129.169,2.016
R717,R600a,R717/R600a,0.5,20.0,110.0,0.47,0.47,0.0,557.36,557.36,0.0,261.87,282.9,129.393,2.011
R290,R600a,R290/R600a,0.4,30.0,110.0,0.468,0.471,0.2999999999999947,559.26,556.25,3.009999999999991,261.87,294.38,129.779,2.042
R290,R600a,R290/R600a,0.5,30.0,110.0,0.465,0.468,0.30000000000000027,562.88,559.86,3.019999999999982,261.87,297.99,130.123,2.029
R717,R600,R717/R600,0.3,20.0,110.0,0.468,0.468,0.0,559.46,559.46,0.0,261.87,285.07,131.32,2.003
R1270,R600a,R1270/R600a,0.3,30.0,110.0,0.459,0.462,0.30000000000000027,570.15,567.12,3.0299999999999727,261.87,305.26,131.325,2.003
R290,R600a,R290/R600a,0.3,30.0,110.0,0.461,0.463,0.20000000000000018,568.43,565.4,3.0299999999999727,261.87,303.54,132.433,2.009
R1270,R600,R1270/R600,0.4,20.0,110.0,0.463,0.463,0.0,566.06,566.06,0.0,261.87,291.88,133.043,1.98
R717,R600a,R717/R600a,0.4,20.0,110.0,0.456,0.456,0.0,574.55,574.55,0.0,261.87,300.63,133.552,1.95
R1270,R600,R1270/R600,0.5,20.0,110.0,0.456,0.456,0.0,574.04,574.04,0.0,261.87,300.1,133.788,1.952
R290,R600,R290/R600,0.4,20.0,110.0,0.464,0.464,0.0,564.61,564.61,0.0,261.87,290.38,134.255,1.985
R290,R600,R290/R600,0.5,20.0,110.0,0.458,0.458,0.0,572.13,572.13,0.0,261.87,298.14,135.114,1.959
R1270,R600,R1270/R600,0.3,20.0,110.0,0.458,0.458,0.0,571.22,571.22,0.0,261.87,297.2,135.686,1.962
R290,R600,R290/R600,0.3,20.0,110.0,0.459,0.459,0.0,570.05,570.05,0.0,261.87,295.99,136.803,1.966
R1270,R600a,R1270/R600a,0.5,20.0,110.0,0.44,0.44,0.0,595.0,595.0,0.0,261.87,321.69,137.788,1.883
R717,R600a,R717/R600a,0.3,20.0,110.0,0.437,0.437,0.0,599.92,599.92,0.0,261.87,326.75,138.302,1.868
R1270,R600a,R1270/R600a,0.4,20.0,110.0,0.44,0.44,0.0,595.46,595.46,0.0,261.87,322.16,138.533,1.882
R290,R600a,R290/R600a,0.5,20.0,110.0,0.442,0.442,0.0,593.13,593.13,0.0,261.87,319.76,139.269,1.889
R290,R600a,R290/R600a,0.4,20.0,110.0,0.441,0.441,0.0,594.04,594.04,0.0,261.87,320.7,139.92,1.886
R1270,R600a,R1270/R600a,0.3,20.0,110.0,0.429,0.429,0.0,610.76,610.76,0.0,261.87,337.9,142.905,1.834
R290,R600a,R290/R600a,0.3,20.0,110.0,0.43,0.43,0.0,609.64,609.64,0.0,261.87,336.75,144.236,1.838
R717,R600,R717/R600,0.5,60.0,120.0,0.497,0.586,8.899999999999997,563.18,478.29,84.88999999999993,280.06,198.23,90.001,2.731
R717,R600,R717/R600,0.4,60.0,120.0,0.495,0.582,8.699999999999996,566.02,480.88,85.13999999999999,280.06,200.82,90.869,2.712
R717,R600,R717/R600,0.3,60.0,120.0,0.489,0.575,8.599999999999996,572.49,486.81,85.68,280.06,206.75,92.506,2.669
R717,R600a,R717/R600a,0.5,60.0,120.0,0.476,0.559,8.300000000000008,588.47,501.43,87.04000000000002,280.06,221.37,95.18,2.57
R717,R600a,R717/R600a,0.4,60.0,120.0,0.468,0.549,8.100000000000001,598.35,510.47,87.88,280.06,230.41,97.331,2.512
R717,R600,R717/R600,0.5,50.0,120.0,0.521,0.564,4.299999999999993,537.44,496.8,40.64000000000004,280.06,216.74,98.059,2.478
R717,R600,R717/R600,0.4,50.0,120.0,0.516,0.558,4.200000000000004,542.82,501.86,40.960000000000036,280.06,221.8,99.508,2.448
R717,R600a,R717/R600a,0.3,60.0,120.0,0.457,0.535,7.800000000000002,612.95,523.81,89.1400000000001,280.06,243.75,100.48,2.431
R290,R600,R290/R600,0.3,60.0,120.0,0.464,0.543,7.900000000000001,603.96,515.6,88.36000000000001,280.06,235.54,100.485,2.48
R1270,R600,R1270/R600,0.3,60.0,120.0,0.458,0.536,7.800000000000002,611.17,522.18,88.99000000000001,280.06,242.12,101.005,2.44
R717,R600,R717/R600,0.3,50.0,120.0,0.506,0.548,4.200000000000004,552.97,511.41,41.56,280.06,231.35,102.002,2.394
R717,R600a,R717/R600a,0.5,50.0,120.0,0.494,0.534,4.0000000000000036,566.9,524.52,42.379999999999995,280.06,244.46,103.868,2.324
R717,R600,R717/R600,0.5,40.0,120.0,0.529,0.542,1.3000000000000012,529.83,516.8,13.030000000000086,280.06,236.74,106.38,2.266
R717,R600a,R717/R600a,0.4,50.0,120.0,0.482,0.521,3.9000000000000035,581.23,537.99,43.24000000000001,280.06,257.93,106.94,2.256
R1270,R600,R1270/R600,0.3,50.0,120.0,0.481,0.52,3.9000000000000035,581.95,538.67,43.280000000000086,280.06,258.61,108.46,2.252
R717,R600,R717/R600,0.4,40.0,120.0,0.52,0.534,1.4000000000000012,538.18,524.89,13.289999999999964,280.06,244.83,108.52,2.228
R290,R600,R290/R600,0.3,50.0,120.0,0.485,0.524,3.9000000000000035,577.39,534.38,43.00999999999999,280.06,254.32,108.624,2.274
R290,R600a,R290/R600a,0.3,60.0,120.0,0.436,0.509,7.300000000000001,642.19,550.51,91.68000000000006,280.06,270.45,108.766,2.283
R1270,R600a,R1270/R600a,0.3,60.0,120.0,0.432,0.503,7.1000000000000005,649.01,556.73,92.27999999999997,280.06,276.67,108.961,2.252
R290,R600,R290/R600,0.4,50.0,120.0,0.48,0.518,3.8000000000000034,583.7,540.31,43.3900000000001,280.06,260.25,109.344,2.244
R1270,R600,R1270/R600,0.4,50.0,120.0,0.474,0.512,3.8000000000000034,590.75,546.94,43.809999999999945,280.06,266.88,109.66,2.213
R717,R600a,R717/R600a,0.3,50.0,120.0,0.465,0.502,3.6999999999999975,601.94,557.44,44.5,280.06,277.38,111.385,2.164
R717,R600,R717/R600,0.3,40.0,120.0,0.507,0.52,1.3000000000000012,552.6,538.86,13.740000000000009,280.06,258.8,112.061,2.164
R717,R600a,R717/R600a,0.5,40.0,120.0,0.497,0.51,1.3000000000000012,563.58,549.48,14.100000000000023,280.06,269.42,112.84,2.119
R717,R600,R717/R600,0.5,30.0,120.0,0.517,0.52,0.30000000000000027,541.34,538.33,3.009999999999991,280.06,258.27,114.996,2.086
R1270,R600,R1270/R600,0.4,40.0,120.0,0.486,0.498,1.200000000000001,576.73,562.21,14.519999999999982,280.06,282.15,116.686,2.066
R717,R600a,R717/R600a,0.4,40.0,120.0,0.48,0.493,1.3000000000000012,583.05,568.31,14.740000000000009,280.06,288.25,116.981,2.042
R290,R600,R290/R600,0.4,40.0,120.0,0.489,0.502,1.3000000000000012,572.25,557.88,14.370000000000005,280.06,277.82,117.039,2.084
R1270,R600a,R1270/R600a,0.4,50.0,120.0,0.447,0.483,3.599999999999998,626.05,580.07,45.979999999999905,280.06,300.01,117.043,2.066
R290,R600a,R290/R600a,0.4,50.0,120.0,0.452,0.488,3.599999999999998,619.35,573.78,45.57000000000005,280.06,293.72,117.045,2.092
R1270,R600,R1270/R600,0.3,40.0,120.0,0.487,0.5,1.3000000000000012,574.67,560.21,14.459999999999923,280.06,280.15,117.092,2.074
R290,R600,R290/R600,0.3,40.0,120.0,0.49,0.502,1.200000000000001,571.76,557.4,14.360000000000014,280.06,277.34,117.682,2.086
R1270,R600a,R1270/R600a,0.3,50.0,120.0,0.446,0.481,3.4999999999999973,628.41,582.28,46.129999999999995,280.06,302.22,117.933,2.057
R717,R600,R717/R600,0.4,30.0,120.0,0.506,0.509,0.30000000000000027,553.05,550.03,3.019999999999982,280.06,269.97,117.943,2.04
R290,R600a,R290/R600a,0.3,50.0,120.0,0.449,0.484,3.4999999999999973,624.16,578.3,45.860000000000014,280.06,298.24,118.439,2.073
R290,R600,R290/R600,0.5,40.0,120.0,0.476,0.488,1.200000000000001,588.32,573.42,14.900000000000091,280.06,293.36,119.719,2.022
R717,R600a,R717/R600a,0.5,30.0,120.0,0.483,0.486,0.30000000000000027,579.5,576.4,3.1000000000000227,280.06,296.34,122.114,1.945
R717,R600,R717/R600,0.3,30.0,120.0,0.489,0.492,0.30000000000000027,572.3,569.23,3.0699999999999363,280.06,289.17,122.759,1.97
R717,R600a,R717/R600a,0.3,40.0,120.0,0.458,0.471,1.2999999999999956,610.84,595.16,15.680000000000064,280.06,315.1,122.967,1.942
R717,R600,R717/R600,0.5,20.0,120.0,0.489,0.489,0.0,573.11,573.11,0.0,280.06,281.39,123.967,1.931
R1270,R600,R1270/R600,0.4,30.0,120.0,0.479,0.482,0.30000000000000027,584.36,581.25,3.1100000000000136,280.06,301.19,124.577,1.929
R1270,R600a,R1270/R600a,0.4,40.0,120.0,0.453,0.465,1.200000000000001,618.52,602.58,15.93999999999994,280.06,322.52,125.164,1.916
R290,R600,R290/R600,0.4,30.0,120.0,0.482,0.484,0.20000000000000018,581.63,578.53,3.1000000000000227,280.06,298.47,125.397,1.938
R290,R600a,R290/R600a,0.4,40.0,120.0,0.456,0.468,1.200000000000001,614.3,598.51,15.789999999999964,280.06,318.45,125.834,1.93
R290,R600a,R290/R600a,0.5,40.0,120.0,0.453,0.465,1.200000000000001,618.59,602.65,15.940000000000055,280.06,322.59,126.314,1.916
R1270,R600,R1270/R600,0.5,30.0,120.0,0.469,0.471,0.20000000000000018,597.25,594.09,3.159999999999968,280.06,314.03,126.374,1.886
R1270,R600,R1270/R600,0.3,30.0,120.0,0.475,0.478,0.30000000000000027,589.11,585.98,3.1299999999999955,280.06,305.92,126.669,1.913
R290,R600,R290/R600,0.5,30.0,120.0,0.472,0.475,0.30000000000000027,592.91,589.76,3.1499999999999773,280.06,309.7,127.018,1.9
R717,R600a,R717/R600a,0.4,30.0,120.0,0.463,0.466,0.30000000000000027,604.74,601.55,3.1900000000000546,280.06,321.49,127.472,1.862
R290,R600,R290/R600,0.3,30.0,120.0,0.477,0.479,0.20000000000000018,587.27,584.15,3.1200000000000045,280.06,304.09,127.556,1.919
R717,R600,R717/R600,0.4,20.0,120.0,0.476,0.476,0.0,588.54,588.54,0.0,280.06,297.27,127.843,1.88
R1270,R600a,R1270/R600a,0.3,40.0,120.0,0.444,0.456,1.200000000000001,630.5,614.14,16.360000000000014,280.06,334.08,128.206,1.877
R290,R600a,R290/R600a,0.3,40.0,120.0,0.446,0.458,1.200000000000001,627.83,611.57,16.25999999999999,280.06,331.51,129.173,1.886
R717,R600a,R717/R600a,0.5,20.0,120.0,0.455,0.455,0.0,615.76,615.76,0.0,280.06,325.26,131.728,1.797
R717,R600,R717/R600,0.3,20.0,120.0,0.457,0.457,0.0,613.09,613.09,0.0,280.06,322.52,132.838,1.805
R1270,R600,R1270/R600,0.4,20.0,120.0,0.456,0.456,0.0,613.94,613.94,0.0,280.06,323.39,133.171,1.802
R1270,R600a,R1270/R600a,0.5,30.0,120.0,0.443,0.446,0.30000000000000027,631.56,628.23,3.3299999999999272,280.06,348.17,133.351,1.781
R1270,R600,R1270/R600,0.5,20.0,120.0,0.451,0.451,0.0,620.98,620.98,0.0,280.06,330.62,133.625,1.782
R1270,R600a,R1270/R600a,0.4,30.0,120.0,0.442,0.445,0.30000000000000027,633.01,629.67,3.340000000000032,280.06,349.61,134.188,1.777
R290,R600a,R290/R600a,0.5,30.0,120.0,0.446,0.449,0.30000000000000027,627.42,624.11,3.3099999999999454,280.06,344.05,134.265,1.793
R290,R600,R290/R600,0.4,20.0,120.0,0.457,0.457,0.0,612.41,612.41,0.0,280.06,321.82,134.354,1.807
R290,R600,R290/R600,0.5,20.0,120.0,0.453,0.453,0.0,618.73,618.73,0.0,280.06,328.31,134.892,1.788
R717,R600a,R717/R600a,0.3,30.0,120.0,0.437,0.44,0.30000000000000027,640.52,637.13,3.3899999999999864,280.06,357.07,135.276,1.756
R290,R600a,R290/R600a,0.4,30.0,120.0,0.444,0.447,0.30000000000000027,630.46,627.13,3.330000000000041,280.06,347.07,135.324,1.784
R1270,R600,R1270/R600,0.3,20.0,120.0,0.448,0.448,0.0,625.69,625.69,0.0,280.06,335.46,137.22,1.768
R290,R600,R290/R600,0.3,20.0,120.0,0.448,0.448,0.0,624.54,624.54,0.0,280.06,334.28,138.329,1.771
R717,R600a,R717/R600a,0.4,20.0,120.0,0.433,0.433,0.0,647.36,647.36,0.0,280.06,357.71,138.448,1.709
R1270,R600a,R1270/R600a,0.3,30.0,120.0,0.428,0.43,0.20000000000000018,655.06,651.58,3.4799999999999045,280.06,371.51,139.535,1.716
R290,R600a,R290/R600a,0.3,30.0,120.0,0.429,0.431,0.20000000000000018,653.39,649.92,3.4700000000000273,280.06,369.86,140.857,1.721
R1270,R600a,R1270/R600a,0.5,20.0,120.0,0.425,0.425,0.0,659.74,659.74,0.0,280.06,370.4,141.255,1.677
R290,R600a,R290/R600a,0.5,20.0,120.0,0.426,0.426,0.0,657.58,657.58,0.0,280.06,368.19,142.757,1.682
R1270,R600a,R1270/R600a,0.4,20.0,120.0,0.418,0.418,0.0,669.79,669.79,0.0,280.06,380.7,143.928,1.651
R290,R600a,R290/R600a,0.4,20.0,120.0,0.419,0.419,0.0,668.36,668.36,0.0,280.06,379.23,145.424,1.655
R717,R600a,R717/R600a,0.3,20.0,120.0,0.405,0.405,0.0,691.93,691.93,0.0,280.06,403.37,147.15,1.598
R1270,R600a,R1270/R600a,0.3,20.0,120.0,0.399,0.399,0.0,702.42,702.42,0.0,280.06,414.12,151.883,1.574
R290,R600a,R290/R600a,0.3,20.0,120.0,0.399,0.399,0.0,701.4,701.4,0.0,280.06,413.07,153.169,1.577
