f1,f2,pair,ls,T_src,T_steam,COP,eta_Lorenz,V_envelope,component,PEC [EUR],PEC [EUR/kW]
R1270,R600,R1270/R600,0.3,20.0,110.0,1.962,0.484,V_OUT,COMP1,228728.5,205.17
R1270,R600,R1270/R600,0.3,20.0,110.0,1.962,0.484,V_OUT,COMP2,532607.1,477.75
R1270,R600,R1270/R600,0.3,20.0,110.0,1.962,0.484,V_OUT,IHX,174220.7,156.28
R1270,R600,R1270/R600,0.3,20.0,110.0,1.962,0.484,V_OUT,MOT1,0.0,0.0
R1270,R600,R1270/R600,0.3,20.0,110.0,1.962,0.484,V_OUT,MOT2,0.0,0.0
R1270,R600,R1270/R600,0.3,20.0,110.0,1.962,0.484,V_OUT,SNK_HX,173089.7,155.26
R1270,R600,R1270/R600,0.3,20.0,110.0,1.962,0.484,V_OUT,SRC_HX,104920.8,94.11
R1270,R600,R1270/R600,0.3,30.0,110.0,2.131,0.472,V_OUT,COMP1,205585.9,184.41
R1270,R600,R1270/R600,0.3,30.0,110.0,2.131,0.472,V_OUT,COMP2,444833.9,399.02
R1270,R600,R1270/R600,0.3,30.0,110.0,2.131,0.472,V_OUT,IHX,185049.8,165.99
R1270,R600,R1270/R600,0.3,30.0,110.0,2.131,0.472,V_OUT,MOT1,0.0,0.0
R1270,R600,R1270/R600,0.3,30.0,110.0,2.131,0.472,V_OUT,MOT2,0.0,0.0
R1270,R600,R1270/R600,0.3,30.0,110.0,2.131,0.472,V_OUT,SNK_HX,173089.7,155.26
R1270,R600,R1270/R600,0.3,30.0,110.0,2.131,0.472,V_OUT,SRC_HX,109179.5,97.93
R1270,R600,R1270/R600,0.3,40.0,110.0,2.324,0.456,V_OUT,COMP1,186976.0,167.72
R1270,R600,R1270/R600,0.3,40.0,110.0,2.324,0.456,V_OUT,COMP2,376913.9,338.09
R1270,R600,R1270/R600,0.3,40.0,110.0,2.324,0.456,V_OUT,IHX,195524.8,175.39
R1270,R600,R1270/R600,0.3,40.0,110.0,2.324,0.456,V_OUT,MOT1,0.0,0.0
R1270,R600,R1270/R600,0.3,40.0,110.0,2.324,0.456,V_OUT,MOT2,0.0,0.0
R1270,R600,R1270/R600,0.3,40.0,110.0,2.324,0.456,V_OUT,SNK_HX,174635.5,156.65
R1270,R600,R1270/R600,0.3,40.0,110.0,2.324,0.456,V_OUT,SRC_HX,113386.1,101.71
R1270,R600,R1270/R600,0.3,50.0,110.0,2.54,0.435,V_OUT,COMP1,172159.4,154.43
R1270,R600,R1270/R600,0.3,50.0,110.0,2.54,0.435,V_OUT,COMP2,322874.3,289.62
R1270,R600,R1270/R600,0.3,50.0,110.0,2.54,0.435,V_OUT,IHX,206457.2,185.19
R1270,R600,R1270/R600,0.3,50.0,110.0,2.54,0.435,V_OUT,MOT1,0.0,0.0
R1270,R600,R1270/R600,0.3,50.0,110.0,2.54,0.435,V_OUT,MOT2,0.0,0.0
R1270,R600,R1270/R600,0.3,50.0,110.0,2.54,0.435,V_OUT,SNK_HX,176576.8,158.39
R1270,R600,R1270/R600,0.3,50.0,110.0,2.54,0.435,V_OUT,SRC_HX,117653.8,105.54
R1270,R600,R1270/R600,0.3,60.0,110.0,2.776,0.405,V_OUT,COMP1,160775.5,144.22
R1270,R600,R1270/R600,0.3,60.0,110.0,2.776,0.405,V_OUT,COMP2,278954.0,250.22
R1270,R600,R1270/R600,0.3,60.0,110.0,2.776,0.405,V_OUT,IHX,220395.7,197.7
R1270,R600,R1270/R600,0.3,60.0,110.0,2.776,0.405,V_OUT,MOT1,0.0,0.0
R1270,R600,R1270/R600,0.3,60.0,110.0,2.776,0.405,V_OUT,MOT2,0.0,0.0
R1270,R600,R1270/R600,0.3,60.0,110.0,2.776,0.405,V_OUT,SNK_HX,178355.5,159.99
R1270,R600,R1270/R600,0.3,60.0,110.0,2.776,0.405,V_OUT,SRC_HX,122203.5,109.62
R1270,R600,R1270/R600,0.4,20.0,110.0,1.98,0.489,V_OUT,COMP1,259698.1,232.95
R1270,R600,R1270/R600,0.4,20.0,110.0,1.98,0.489,V_OUT,COMP2,423715.2,380.07
R1270,R600,R1270/R600,0.4,20.0,110.0,1.98,0.489,V_OUT,IHX,174014.4,156.09
R1270,R600,R1270/R600,0.4,20.0,110.0,1.98,0.489,V_OUT,MOT1,0.0,0.0
R1270,R600,R1270/R600,0.4,20.0,110.0,1.98,0.489,V_OUT,MOT2,0.0,0.0
R1270,R600,R1270/R600,0.4,20.0,110.0,1.98,0.489,V_OUT,SNK_HX,173207.1,155.37
R1270,R600,R1270/R600,0.4,20.0,110.0,1.98,0.489,V_OUT,SRC_HX,106146.3,95.21
R1270,R600,R1270/R600,0.4,30.0,110.0,2.132,0.473,V_OUT,COMP1,229485.7,205.85
R1270,R600,R1270/R600,0.4,30.0,110.0,2.132,0.473,V_OUT,COMP2,368450.1,330.5
R1270,R600,R1270/R600,0.4,30.0,110.0,2.132,0.473,V_OUT,IHX,185032.2,165.97
R1270,R600,R1270/R600,0.4,30.0,110.0,2.132,0.473,V_OUT,MOT1,0.0,0.0
R1270,R600,R1270/R600,0.4,30.0,110.0,2.132,0.473,V_OUT,MOT2,0.0,0.0
R1270,R600,R1270/R600,0.4,30.0,110.0,2.132,0.473,V_OUT,SNK_HX,174919.3,156.9
R1270,R600,R1270/R600,0.4,30.0,110.0,2.132,0.473,V_OUT,SRC_HX,110083.1,98.74
R1270,R600,R1270/R600,0.4,40.0,110.0,2.303,0.452,V_OUT,COMP1,205876.5,184.67
R1270,R600,R1270/R600,0.4,40.0,110.0,2.303,0.452,V_OUT,COMP2,322874.3,289.62
R1270,R600,R1270/R600,0.4,40.0,110.0,2.303,0.452,V_OUT,IHX,196334.7,176.11
R1270,R600,R1270/R600,0.4,40.0,110.0,2.303,0.452,V_OUT,MOT1,0.0,0.0
R1270,R600,R1270/R600,0.4,40.0,110.0,2.303,0.452,V_OUT,MOT2,0.0,0.0
R1270,R600,R1270/R600,0.4,40.0,110.0,2.303,0.452,V_OUT,SNK_HX,176576.8,158.39
R1270,R600,R1270/R600,0.4,40.0,110.0,2.303,0.452,V_OUT,SRC_HX,114061.9,102.31
R1270,R600,R1270/R600,0.4,50.0,110.0,2.491,0.426,V_OUT,COMP1,187466.4,168.16
R1270,R600,R1270/R600,0.4,50.0,110.0,2.491,0.426,V_OUT,COMP2,284713.5,255.39
R1270,R600,R1270/R600,0.4,50.0,110.0,2.491,0.426,V_OUT,IHX,209403.8,187.84
R1270,R600,R1270/R600,0.4,50.0,110.0,2.491,0.426,V_OUT,MOT1,0.0,0.0
R1270,R600,R1270/R600,0.4,50.0,110.0,2.491,0.426,V_OUT,MOT2,0.0,0.0
R1270,R600,R1270/R600,0.4,50.0,110.0,2.491,0.426,V_OUT,SNK_HX,178114.1,159.77
R1270,R600,R1270/R600,0.4,50.0,110.0,2.491,0.426,V_OUT,SRC_HX,118200.0,106.03
R1270,R600,R1270/R600,0.5,20.0,110.0,1.952,0.482,V_OUT,COMP1,296156.8,265.65
R1270,R600,R1270/R600,0.5,20.0,110.0,1.952,0.482,V_OUT,COMP2,344612.3,309.12
R1270,R600,R1270/R600,0.5,20.0,110.0,1.952,0.482,V_OUT,IHX,176674.3,158.48
R1270,R600,R1270/R600,0.5,20.0,110.0,1.952,0.482,V_OUT,MOT1,0.0,0.0
R1270,R600,R1270/R600,0.5,20.0,110.0,1.952,0.482,V_OUT,MOT2,0.0,0.0
R1270,R600,R1270/R600,0.5,20.0,110.0,1.952,0.482,V_OUT,SNK_HX,175759.6,157.66
R1270,R600,R1270/R600,0.5,20.0,110.0,1.952,0.482,V_OUT,SRC_HX,106622.1,95.64
R1270,R600,R1270/R600,0.5,30.0,110.0,2.086,0.462,V_OUT,COMP1,257341.6,230.84
R1270,R600,R1270/R600,0.5,30.0,110.0,2.086,0.462,V_OUT,COMP2,309420.6,277.55
R1270,R600,R1270/R600,0.5,30.0,110.0,2.086,0.462,V_OUT,IHX,188225.1,168.84
R1270,R600,R1270/R600,0.5,30.0,110.0,2.086,0.462,V_OUT,MOT1,0.0,0.0
R1270,R600,R1270/R600,0.5,30.0,110.0,2.086,0.462,V_OUT,MOT2,0.0,0.0
R1270,R600,R1270/R600,0.5,30.0,110.0,2.086,0.462,V_OUT,SNK_HX,177105.1,158.86
R1270,R600,R1270/R600,0.5,30.0,110.0,2.086,0.462,V_OUT,SRC_HX,110412.9,99.04
R1270,R600,R1270/R600,0.5,40.0,110.0,2.233,0.438,V_OUT,COMP1,227826.4,204.36
R1270,R600,R1270/R600,0.5,40.0,110.0,2.233,0.438,V_OUT,COMP2,278954.0,250.22
R1270,R600,R1270/R600,0.5,40.0,110.0,2.233,0.438,V_OUT,IHX,201394.5,180.65
R1270,R600,R1270/R600,0.5,40.0,110.0,2.233,0.438,V_OUT,MOT1,0.0,0.0
R1270,R600,R1270/R600,0.5,40.0,110.0,2.233,0.438,V_OUT,MOT2,0.0,0.0
R1270,R600,R1270/R600,0.5,40.0,110.0,2.233,0.438,V_OUT,SNK_HX,178355.5,159.99
R1270,R600,R1270/R600,0.5,40.0,110.0,2.233,0.438,V_OUT,SRC_HX,114322.1,102.55
R1270,R600a,R1270/R600a,0.3,20.0,110.0,1.834,0.451,V_OUT,COMP1,214231.5,192.17
R1270,R600a,R1270/R600a,0.3,20.0,110.0,1.834,0.451,V_OUT,COMP2,491392.5,440.78
R1270,R600a,R1270/R600a,0.3,20.0,110.0,1.834,0.451,V_OUT,IHX,205088.3,183.96
R1270,R600a,R1270/R600a,0.3,20.0,110.0,1.834,0.451,V_OUT,MOT1,0.0,0.0
R1270,R600a,R1270/R600a,0.3,20.0,110.0,1.834,0.451,V_OUT,MOT2,0.0,0.0
R1270,R600a,R1270/R600a,0.3,20.0,110.0,1.834,0.451,V_OUT,SNK_HX,182170.6,163.41
R1270,R600a,R1270/R600a,0.3,20.0,110.0,1.834,0.451,V_OUT,SRC_HX,101630.1,91.16
R1270,R600a,R1270/R600a,0.3,30.0,110.0,2.003,0.443,V_OUT,COMP1,195224.8,175.12
R1270,R600a,R1270/R600a,0.3,30.0,110.0,2.003,0.443,V_OUT,COMP2,411890.9,369.47
R1270,R600a,R1270/R600a,0.3,30.0,110.0,2.003,0.443,V_OUT,IHX,216687.4,194.37
R1270,R600a,R1270/R600a,0.3,30.0,110.0,2.003,0.443,V_OUT,MOT1,0.0,0.0
R1270,R600a,R1270/R600a,0.3,30.0,110.0,2.003,0.443,V_OUT,MOT2,0.0,0.0
R1270,R600a,R1270/R600a,0.3,30.0,110.0,2.003,0.443,V_OUT,SNK_HX,183619.4,164.71
R1270,R600a,R1270/R600a,0.3,30.0,110.0,2.003,0.443,V_OUT,SRC_HX,106556.7,95.58
R1270,R600a,R1270/R600a,0.3,40.0,110.0,2.195,0.43,V_OUT,COMP1,179565.6,161.07
R1270,R600a,R1270/R600a,0.3,40.0,110.0,2.195,0.43,V_OUT,COMP2,349789.1,313.76
R1270,R600a,R1270/R600a,0.3,40.0,110.0,2.195,0.43,V_OUT,IHX,227785.0,204.32
R1270,R600a,R1270/R600a,0.3,40.0,110.0,2.195,0.43,V_OUT,MOT1,0.0,0.0
R1270,R600a,R1270/R600a,0.3,40.0,110.0,2.195,0.43,V_OUT,MOT2,0.0,0.0
R1270,R600a,R1270/R600a,0.3,40.0,110.0,2.195,0.43,V_OUT,SNK_HX,185074.3,166.01
R1270,R600a,R1270/R600a,0.3,40.0,110.0,2.195,0.43,V_OUT,SRC_HX,111321.8,99.86
R1270,R600a,R1270/R600a,0.3,50.0,110.0,2.414,0.412,V_OUT,COMP1,166872.8,149.69
R1270,R600a,R1270/R600a,0.3,50.0,110.0,2.414,0.412,V_OUT,COMP2,300018.3,269.12
R1270,R600a,R1270/R600a,0.3,50.0,110.0,2.414,0.412,V_OUT,IHX,239309.2,214.66
R1270,R600a,R1270/R600a,0.3,50.0,110.0,2.414,0.412,V_OUT,MOT1,0.0,0.0
R1270,R600a,R1270/R600a,0.3,50.0,110.0,2.414,0.412,V_OUT,MOT2,0.0,0.0
R1270,R600a,R1270/R600a,0.3,50.0,110.0,2.414,0.412,V_OUT,SNK_HX,186435.0,167.23
R1270,R600a,R1270/R600a,0.3,50.0,110.0,2.414,0.412,V_OUT,SRC_HX,116056.8,104.1
R1270,R600a,R1270/R600a,0.3,60.0,110.0,2.656,0.386,V_OUT,COMP1,157025.3,140.85
R1270,R600a,R1270/R600a,0.3,60.0,110.0,2.656,0.386,V_OUT,COMP2,259323.7,232.61
R1270,R600a,R1270/R600a,0.3,60.0,110.0,2.656,0.386,V_OUT,IHX,253987.8,227.83
R1270,R600a,R1270/R600a,0.3,60.0,110.0,2.656,0.386,V_OUT,MOT1,0.0,0.0
R1270,R600a,R1270/R600a,0.3,60.0,110.0,2.656,0.386,V_OUT,MOT2,0.0,0.0
R1270,R600a,R1270/R600a,0.3,60.0,110.0,2.656,0.386,V_OUT,SNK_HX,187638.3,168.31
R1270,R600a,R1270/R600a,0.3,60.0,110.0,2.656,0.386,V_OUT,SRC_HX,120997.3,108.53
R1270,R600a,R1270/R600a,0.4,20.0,110.0,1.882,0.464,V_OUT,COMP1,247363.7,221.89
R1270,R600a,R1270/R600a,0.4,20.0,110.0,1.882,0.464,V_OUT,COMP2,392638.9,352.2
R1270,R600a,R1270/R600a,0.4,20.0,110.0,1.882,0.464,V_OUT,IHX,200599.3,179.94
R1270,R600a,R1270/R600a,0.4,20.0,110.0,1.882,0.464,V_OUT,MOT1,0.0,0.0
R1270,R600a,R1270/R600a,0.4,20.0,110.0,1.882,0.464,V_OUT,MOT2,0.0,0.0
R1270,R600a,R1270/R600a,0.4,20.0,110.0,1.882,0.464,V_OUT,SNK_HX,184039.6,165.08
R1270,R600a,R1270/R600a,0.4,20.0,110.0,1.882,0.464,V_OUT,SRC_HX,103730.3,93.05
R1270,R600a,R1270/R600a,0.4,30.0,110.0,2.034,0.45,V_OUT,COMP1,220668.9,197.94
R1270,R600a,R1270/R600a,0.4,30.0,110.0,2.034,0.45,V_OUT,COMP2,342015.0,306.79
R1270,R600a,R1270/R600a,0.4,30.0,110.0,2.034,0.45,V_OUT,IHX,213199.4,191.24
R1270,R600a,R1270/R600a,0.4,30.0,110.0,2.034,0.45,V_OUT,MOT1,0.0,0.0
R1270,R600a,R1270/R600a,0.4,30.0,110.0,2.034,0.45,V_OUT,MOT2,0.0,0.0
R1270,R600a,R1270/R600a,0.4,30.0,110.0,2.034,0.45,V_OUT,SNK_HX,185276.3,166.19
R1270,R600a,R1270/R600a,0.4,30.0,110.0,2.034,0.45,V_OUT,SRC_HX,108115.6,96.98
R1270,R600a,R1270/R600a,0.4,40.0,110.0,2.205,0.432,V_OUT,COMP1,199544.6,178.99
R1270,R600a,R1270/R600a,0.4,40.0,110.0,2.205,0.432,V_OUT,COMP2,300018.3,269.12
R1270,R600a,R1270/R600a,0.4,40.0,110.0,2.205,0.432,V_OUT,IHX,225895.3,202.63
R1270,R600a,R1270/R600a,0.4,40.0,110.0,2.205,0.432,V_OUT,MOT1,0.0,0.0
R1270,R600a,R1270/R600a,0.4,40.0,110.0,2.205,0.432,V_OUT,MOT2,0.0,0.0
R1270,R600a,R1270/R600a,0.4,40.0,110.0,2.205,0.432,V_OUT,SNK_HX,186435.0,167.23
R1270,R600a,R1270/R600a,0.4,40.0,110.0,2.205,0.432,V_OUT,SRC_HX,112479.8,100.89
R1270,R600a,R1270/R600a,0.4,50.0,110.0,2.395,0.409,V_OUT,COMP1,182913.5,164.07
R1270,R600a,R1270/R600a,0.4,50.0,110.0,2.395,0.409,V_OUT,COMP2,264673.1,237.41
R1270,R600a,R1270/R600a,0.4,50.0,110.0,2.395,0.409,V_OUT,IHX,240288.3,215.54
R1270,R600a,R1270/R600a,0.4,50.0,110.0,2.395,0.409,V_OUT,MOT1,0.0,0.0
R1270,R600a,R1270/R600a,0.4,50.0,110.0,2.395,0.409,V_OUT,MOT2,0.0,0.0
R1270,R600a,R1270/R600a,0.4,50.0,110.0,2.395,0.409,V_OUT,SNK_HX,187477.7,168.17
R1270,R600a,R1270/R600a,0.4,50.0,110.0,2.395,0.409,V_OUT,SRC_HX,116948.9,104.9
R1270,R600a,R1270/R600a,0.5,20.0,110.0,1.883,0.464,V_OUT,COMP1,285852.3,256.41
R1270,R600a,R1270/R600a,0.5,20.0,110.0,1.883,0.464,V_OUT,COMP2,320078.2,287.11
R1270,R600a,R1270/R600a,0.5,20.0,110.0,1.883,0.464,V_OUT,IHX,201058.1,180.35
R1270,R600a,R1270/R600a,0.5,20.0,110.0,1.883,0.464,V_OUT,MOT1,0.0,0.0
R1270,R600a,R1270/R600a,0.5,20.0,110.0,1.883,0.464,V_OUT,MOT2,0.0,0.0
R1270,R600a,R1270/R600a,0.5,20.0,110.0,1.883,0.464,V_OUT,SNK_HX,185868.0,166.72
R1270,R600a,R1270/R600a,0.5,20.0,110.0,1.883,0.464,V_OUT,SRC_HX,104887.6,94.08
R1270,R600a,R1270/R600a,0.5,30.0,110.0,2.016,0.446,V_OUT,COMP1,249974.2,224.23
R1270,R600a,R1270/R600a,0.5,30.0,110.0,2.016,0.446,V_OUT,COMP2,287576.4,257.96
R1270,R600a,R1270/R600a,0.5,30.0,110.0,2.016,0.446,V_OUT,IHX,214496.1,192.4
R1270,R600a,R1270/R600a,0.5,30.0,110.0,2.016,0.446,V_OUT,MOT1,0.0,0.0
R1270,R600a,R1270/R600a,0.5,30.0,110.0,2.016,0.446,V_OUT,MOT2,0.0,0.0
R1270,R600a,R1270/R600a,0.5,30.0,110.0,2.016,0.446,V_OUT,SNK_HX,186797.0,167.56
R1270,R600a,R1270/R600a,0.5,30.0,110.0,2.016,0.446,V_OUT,SRC_HX,108969.1,97.75
R1270,R600a,R1270/R600a,0.5,40.0,110.0,2.164,0.424,V_OUT,COMP1,222507.0,199.59
R1270,R600a,R1270/R600a,0.5,40.0,110.0,2.164,0.424,V_OUT,COMP2,259323.7,232.61
R1270,R600a,R1270/R600a,0.5,40.0,110.0,2.164,0.424,V_OUT,IHX,229434.3,205.8
R1270,R600a,R1270/R600a,0.5,40.0,110.0,2.164,0.424,V_OUT,MOT1,0.0,0.0
R1270,R600a,R1270/R600a,0.5,40.0,110.0,2.164,0.424,V_OUT,MOT2,0.0,0.0
R1270,R600a,R1270/R600a,0.5,40.0,110.0,2.164,0.424,V_OUT,SNK_HX,187638.3,168.31
R1270,R600a,R1270/R600a,0.5,40.0,110.0,2.164,0.424,V_OUT,SRC_HX,113134.8,101.48
R290,R600,R290/R600,0.3,20.0,110.0,1.966,0.485,V_OUT,COMP1,265295.2,237.97
R290,R600,R290/R600,0.3,20.0,110.0,1.966,0.485,V_OUT,COMP2,532607.1,477.75
R290,R600,R290/R600,0.3,20.0,110.0,1.966,0.485,V_OUT,IHX,199743.1,179.17
R290,R600,R290/R600,0.3,20.0,110.0,1.966,0.485,V_OUT,MOT1,0.0,0.0
R290,R600,R290/R600,0.3,20.0,110.0,1.966,0.485,V_OUT,MOT2,0.0,0.0
R290,R600,R290/R600,0.3,20.0,110.0,1.966,0.485,V_OUT,SNK_HX,173089.7,155.26
R290,R600,R290/R600,0.3,20.0,110.0,1.966,0.485,V_OUT,SRC_HX,105384.6,94.53
R290,R600,R290/R600,0.3,30.0,110.0,2.139,0.474,V_OUT,COMP1,236772.5,212.39
R290,R600,R290/R600,0.3,30.0,110.0,2.139,0.474,V_OUT,COMP2,444833.9,399.02
R290,R600,R290/R600,0.3,30.0,110.0,2.139,0.474,V_OUT,IHX,211010.2,189.28
R290,R600,R290/R600,0.3,30.0,110.0,2.139,0.474,V_OUT,MOT1,0.0,0.0
R290,R600,R290/R600,0.3,30.0,110.0,2.139,0.474,V_OUT,MOT2,0.0,0.0
R290,R600,R290/R600,0.3,30.0,110.0,2.139,0.474,V_OUT,SNK_HX,173089.7,155.26
R290,R600,R290/R600,0.3,30.0,110.0,2.139,0.474,V_OUT,SRC_HX,109642.7,98.35
R290,R600,R290/R600,0.3,40.0,110.0,2.337,0.459,V_OUT,COMP1,213817.1,191.79
R290,R600,R290/R600,0.3,40.0,110.0,2.337,0.459,V_OUT,COMP2,376913.9,338.09
R290,R600,R290/R600,0.3,40.0,110.0,2.337,0.459,V_OUT,IHX,220868.1,198.12
R290,R600,R290/R600,0.3,40.0,110.0,2.337,0.459,V_OUT,MOT1,0.0,0.0
R290,R600,R290/R600,0.3,40.0,110.0,2.337,0.459,V_OUT,MOT2,0.0,0.0
R290,R600,R290/R600,0.3,40.0,110.0,2.337,0.459,V_OUT,SNK_HX,174635.5,156.65
R290,R600,R290/R600,0.3,40.0,110.0,2.337,0.459,V_OUT,SRC_HX,113829.8,102.11
R290,R600,R290/R600,0.3,50.0,110.0,2.564,0.439,V_OUT,COMP1,195355.2,175.23
R290,R600,R290/R600,0.3,50.0,110.0,2.564,0.439,V_OUT,COMP2,322874.3,289.62
R290,R600,R290/R600,0.3,50.0,110.0,2.564,0.439,V_OUT,IHX,229832.6,206.16
R290,R600,R290/R600,0.3,50.0,110.0,2.564,0.439,V_OUT,MOT1,0.0,0.0
R290,R600,R290/R600,0.3,50.0,110.0,2.564,0.439,V_OUT,MOT2,0.0,0.0
R290,R600,R290/R600,0.3,50.0,110.0,2.564,0.439,V_OUT,SNK_HX,176576.8,158.39
R290,R600,R290/R600,0.3,50.0,110.0,2.564,0.439,V_OUT,SRC_HX,118036.3,105.88
R290,R600,R290/R600,0.3,60.0,110.0,2.821,0.412,V_OUT,COMP1,180748.8,162.13
R290,R600,R290/R600,0.3,60.0,110.0,2.821,0.412,V_OUT,COMP2,278954.0,250.22
R290,R600,R290/R600,0.3,60.0,110.0,2.821,0.412,V_OUT,IHX,239308.9,214.66
R290,R600,R290/R600,0.3,60.0,110.0,2.821,0.412,V_OUT,MOT1,0.0,0.0
R290,R600,R290/R600,0.3,60.0,110.0,2.821,0.412,V_OUT,MOT2,0.0,0.0
R290,R600,R290/R600,0.3,60.0,110.0,2.821,0.412,V_OUT,SNK_HX,178355.5,159.99
R290,R600,R290/R600,0.3,60.0,110.0,2.821,0.412,V_OUT,SRC_HX,122426.2,109.82
R290,R600,R290/R600,0.4,20.0,110.0,1.985,0.49,V_OUT,COMP1,303600.6,272.33
R290,R600,R290/R600,0.4,20.0,110.0,1.985,0.49,V_OUT,COMP2,423715.2,380.07
R290,R600,R290/R600,0.4,20.0,110.0,1.985,0.49,V_OUT,IHX,199122.8,178.61
R290,R600,R290/R600,0.4,20.0,110.0,1.985,0.49,V_OUT,MOT1,0.0,0.0
R290,R600,R290/R600,0.4,20.0,110.0,1.985,0.49,V_OUT,MOT2,0.0,0.0
R290,R600,R290/R600,0.4,20.0,110.0,1.985,0.49,V_OUT,SNK_HX,173207.1,155.37
R290,R600,R290/R600,0.4,20.0,110.0,1.985,0.49,V_OUT,SRC_HX,106703.8,95.71
R290,R600,R290/R600,0.4,30.0,110.0,2.142,0.475,V_OUT,COMP1,265902.2,238.52
R290,R600,R290/R600,0.4,30.0,110.0,2.142,0.475,V_OUT,COMP2,368450.1,330.5
R290,R600,R290/R600,0.4,30.0,110.0,2.142,0.475,V_OUT,IHX,210332.4,188.67
R290,R600,R290/R600,0.4,30.0,110.0,2.142,0.475,V_OUT,MOT1,0.0,0.0
R290,R600,R290/R600,0.4,30.0,110.0,2.142,0.475,V_OUT,MOT2,0.0,0.0
R290,R600,R290/R600,0.4,30.0,110.0,2.142,0.475,V_OUT,SNK_HX,174919.3,156.9
R290,R600,R290/R600,0.4,30.0,110.0,2.142,0.475,V_OUT,SRC_HX,110650.0,99.25
R290,R600,R290/R600,0.4,40.0,110.0,2.321,0.456,V_OUT,COMP1,236457.0,212.1
R290,R600,R290/R600,0.4,40.0,110.0,2.321,0.456,V_OUT,COMP2,322874.3,289.62
R290,R600,R290/R600,0.4,40.0,110.0,2.321,0.456,V_OUT,IHX,220596.0,197.88
R290,R600,R290/R600,0.4,40.0,110.0,2.321,0.456,V_OUT,MOT1,0.0,0.0
R290,R600,R290/R600,0.4,40.0,110.0,2.321,0.456,V_OUT,MOT2,0.0,0.0
R290,R600,R290/R600,0.4,40.0,110.0,2.321,0.456,V_OUT,SNK_HX,176576.8,158.39
R290,R600,R290/R600,0.4,40.0,110.0,2.321,0.456,V_OUT,SRC_HX,114614.1,102.81
R290,R600,R290/R600,0.4,50.0,110.0,2.524,0.432,V_OUT,COMP1,213287.7,191.32
R290,R600,R290/R600,0.4,50.0,110.0,2.524,0.432,V_OUT,COMP2,284713.5,255.39
R290,R600,R290/R600,0.4,50.0,110.0,2.524,0.432,V_OUT,IHX,230691.1,206.93
R290,R600,R290/R600,0.4,50.0,110.0,2.524,0.432,V_OUT,MOT1,0.0,0.0
R290,R600,R290/R600,0.4,50.0,110.0,2.524,0.432,V_OUT,MOT2,0.0,0.0
R290,R600,R290/R600,0.4,50.0,110.0,2.524,0.432,V_OUT,SNK_HX,178114.1,159.77
R290,R600,R290/R600,0.4,50.0,110.0,2.524,0.432,V_OUT,SRC_HX,118684.9,106.46
R290,R600,R290/R600,0.4,60.0,110.0,2.751,0.401,V_OUT,COMP1,195180.1,175.08
R290,R600,R290/R600,0.4,60.0,110.0,2.751,0.401,V_OUT,COMP2,252358.4,226.37
R290,R600,R290/R600,0.4,60.0,110.0,2.751,0.401,V_OUT,IHX,242791.7,217.78
R290,R600,R290/R600,0.4,60.0,110.0,2.751,0.401,V_OUT,MOT1,0.0,0.0
R290,R600,R290/R600,0.4,60.0,110.0,2.751,0.401,V_OUT,MOT2,0.0,0.0
R290,R600,R290/R600,0.4,60.0,110.0,2.751,0.401,V_OUT,SNK_HX,179491.2,161.0
R290,R600,R290/R600,0.4,60.0,110.0,2.751,0.401,V_OUT,SRC_HX,123033.4,110.36
R290,R600,R290/R600,0.5,20.0,110.0,1.959,0.483,V_OUT,COMP1,349749.6,313.73
R290,R600,R290/R600,0.5,20.0,110.0,1.959,0.483,V_OUT,COMP2,344612.3,309.12
R290,R600,R290/R600,0.5,20.0,110.0,1.959,0.483,V_OUT,IHX,201300.6,180.57
R290,R600,R290/R600,0.5,20.0,110.0,1.959,0.483,V_OUT,MOT1,0.0,0.0
R290,R600,R290/R600,0.5,20.0,110.0,1.959,0.483,V_OUT,MOT2,0.0,0.0
R290,R600,R290/R600,0.5,20.0,110.0,1.959,0.483,V_OUT,SNK_HX,175759.6,157.66
R290,R600,R290/R600,0.5,20.0,110.0,1.959,0.483,V_OUT,SRC_HX,107309.4,96.26
R290,R600,R290/R600,0.5,30.0,110.0,2.099,0.465,V_OUT,COMP1,300376.3,269.44
R290,R600,R290/R600,0.5,30.0,110.0,2.099,0.465,V_OUT,COMP2,309420.6,277.55
R290,R600,R290/R600,0.5,30.0,110.0,2.099,0.465,V_OUT,IHX,212417.4,190.54
R290,R600,R290/R600,0.5,30.0,110.0,2.099,0.465,V_OUT,MOT1,0.0,0.0
R290,R600,R290/R600,0.5,30.0,110.0,2.099,0.465,V_OUT,MOT2,0.0,0.0
R290,R600,R290/R600,0.5,30.0,110.0,2.099,0.465,V_OUT,SNK_HX,177105.1,158.86
R290,R600,R290/R600,0.5,30.0,110.0,2.099,0.465,V_OUT,SRC_HX,111124.8,99.68
R290,R600,R290/R600,0.5,40.0,110.0,2.259,0.443,V_OUT,COMP1,262970.0,235.88
R290,R600,R290/R600,0.5,40.0,110.0,2.259,0.443,V_OUT,COMP2,278954.0,250.22
R290,R600,R290/R600,0.5,40.0,110.0,2.259,0.443,V_OUT,IHX,223324.6,200.32
R290,R600,R290/R600,0.5,40.0,110.0,2.259,0.443,V_OUT,MOT1,0.0,0.0
R290,R600,R290/R600,0.5,40.0,110.0,2.259,0.443,V_OUT,MOT2,0.0,0.0
R290,R600,R290/R600,0.5,40.0,110.0,2.259,0.443,V_OUT,SNK_HX,178355.5,159.99
R290,R600,R290/R600,0.5,40.0,110.0,2.259,0.443,V_OUT,SRC_HX,115024.5,103.18
R290,R600,R290/R600,0.5,50.0,110.0,2.438,0.416,V_OUT,COMP1,234147.9,210.03
R290,R600,R290/R600,0.5,50.0,110.0,2.438,0.416,V_OUT,COMP2,252358.4,226.37
R290,R600,R290/R600,0.5,50.0,110.0,2.438,0.416,V_OUT,IHX,235460.6,211.21
R290,R600,R290/R600,0.5,50.0,110.0,2.438,0.416,V_OUT,MOT1,0.0,0.0
R290,R600,R290/R600,0.5,50.0,110.0,2.438,0.416,V_OUT,MOT2,0.0,0.0
R290,R600,R290/R600,0.5,50.0,110.0,2.438,0.416,V_OUT,SNK_HX,179491.2,161.0
R290,R600,R290/R600,0.5,50.0,110.0,2.438,0.416,V_OUT,SRC_HX,119102.7,106.84
R290,R600a,R290/R600a,0.3,20.0,110.0,1.838,0.452,V_OUT,COMP1,248275.7,222.7
R290,R600a,R290/R600a,0.3,20.0,110.0,1.838,0.452,V_OUT,COMP2,491392.5,440.78
R290,R600a,R290/R600a,0.3,20.0,110.0,1.838,0.452,V_OUT,IHX,242620.4,217.63
R290,R600a,R290/R600a,0.3,20.0,110.0,1.838,0.452,V_OUT,MOT1,0.0,0.0
R290,R600a,R290/R600a,0.3,20.0,110.0,1.838,0.452,V_OUT,MOT2,0.0,0.0
R290,R600a,R290/R600a,0.3,20.0,110.0,1.838,0.452,V_OUT,SNK_HX,182170.6,163.41
R290,R600a,R290/R600a,0.3,20.0,110.0,1.838,0.452,V_OUT,SRC_HX,102088.0,91.57
R290,R600a,R290/R600a,0.3,30.0,110.0,2.009,0.444,V_OUT,COMP1,224689.7,201.55
R290,R600a,R290/R600a,0.3,30.0,110.0,2.009,0.444,V_OUT,COMP2,411890.9,369.47
R290,R600a,R290/R600a,0.3,30.0,110.0,2.009,0.444,V_OUT,IHX,253896.0,227.75
R290,R600a,R290/R600a,0.3,30.0,110.0,2.009,0.444,V_OUT,MOT1,0.0,0.0
R290,R600a,R290/R600a,0.3,30.0,110.0,2.009,0.444,V_OUT,MOT2,0.0,0.0
R290,R600a,R290/R600a,0.3,30.0,110.0,2.009,0.444,V_OUT,SNK_HX,183619.4,164.71
R290,R600a,R290/R600a,0.3,30.0,110.0,2.009,0.444,V_OUT,SRC_HX,107013.5,95.99
R290,R600a,R290/R600a,0.3,40.0,110.0,2.207,0.432,V_OUT,COMP1,205230.2,184.09
R290,R600a,R290/R600a,0.3,40.0,110.0,2.207,0.432,V_OUT,COMP2,349789.1,313.76
R290,R600a,R290/R600a,0.3,40.0,110.0,2.207,0.432,V_OUT,IHX,263487.5,236.35
R290,R600a,R290/R600a,0.3,40.0,110.0,2.207,0.432,V_OUT,MOT1,0.0,0.0
R290,R600a,R290/R600a,0.3,40.0,110.0,2.207,0.432,V_OUT,MOT2,0.0,0.0
R290,R600a,R290/R600a,0.3,40.0,110.0,2.207,0.432,V_OUT,SNK_HX,185074.3,166.01
R290,R600a,R290/R600a,0.3,40.0,110.0,2.207,0.432,V_OUT,SRC_HX,111758.1,100.25
R290,R600a,R290/R600a,0.3,50.0,110.0,2.435,0.416,V_OUT,COMP1,189269.4,169.78
R290,R600a,R290/R600a,0.3,50.0,110.0,2.435,0.416,V_OUT,COMP2,300018.3,269.12
R290,R600a,R290/R600a,0.3,50.0,110.0,2.435,0.416,V_OUT,IHX,272123.5,244.1
R290,R600a,R290/R600a,0.3,50.0,110.0,2.435,0.416,V_OUT,MOT1,0.0,0.0
R290,R600a,R290/R600a,0.3,50.0,110.0,2.435,0.416,V_OUT,MOT2,0.0,0.0
R290,R600a,R290/R600a,0.3,50.0,110.0,2.435,0.416,V_OUT,SNK_HX,186435.0,167.23
R290,R600a,R290/R600a,0.3,50.0,110.0,2.435,0.416,V_OUT,SRC_HX,116430.7,104.44
R290,R600a,R290/R600a,0.3,60.0,110.0,2.696,0.392,V_OUT,COMP1,176463.0,158.29
R290,R600a,R290/R600a,0.3,60.0,110.0,2.696,0.392,V_OUT,COMP2,259323.7,232.61
R290,R600a,R290/R600a,0.3,60.0,110.0,2.696,0.392,V_OUT,IHX,281503.1,252.51
R290,R600a,R290/R600a,0.3,60.0,110.0,2.696,0.392,V_OUT,MOT1,0.0,0.0
R290,R600a,R290/R600a,0.3,60.0,110.0,2.696,0.392,V_OUT,MOT2,0.0,0.0
R290,R600a,R290/R600a,0.3,60.0,110.0,2.696,0.392,V_OUT,SNK_HX,187638.3,168.31
R290,R600a,R290/R600a,0.3,60.0,110.0,2.696,0.392,V_OUT,SRC_HX,121209.1,108.72
R290,R600a,R290/R600a,0.4,20.0,110.0,1.886,0.465,V_OUT,COMP1,288967.0,259.2
R290,R600a,R290/R600a,0.4,20.0,110.0,1.886,0.465,V_OUT,COMP2,392638.9,352.2
R290,R600a,R290/R600a,0.4,20.0,110.0,1.886,0.465,V_OUT,IHX,235784.5,211.5
R290,R600a,R290/R600a,0.4,20.0,110.0,1.886,0.465,V_OUT,MOT1,0.0,0.0
R290,R600a,R290/R600a,0.4,20.0,110.0,1.886,0.465,V_OUT,MOT2,0.0,0.0
R290,R600a,R290/R600a,0.4,20.0,110.0,1.886,0.465,V_OUT,SNK_HX,184039.6,165.08
R290,R600a,R290/R600a,0.4,20.0,110.0,1.886,0.465,V_OUT,SRC_HX,104283.3,93.54
R290,R600a,R290/R600a,0.4,30.0,110.0,2.042,0.452,V_OUT,COMP1,255534.2,229.21
R290,R600a,R290/R600a,0.4,30.0,110.0,2.042,0.452,V_OUT,COMP2,342015.0,306.79
R290,R600a,R290/R600a,0.4,30.0,110.0,2.042,0.452,V_OUT,IHX,248360.7,222.78
R290,R600a,R290/R600a,0.4,30.0,110.0,2.042,0.452,V_OUT,MOT1,0.0,0.0
R290,R600a,R290/R600a,0.4,30.0,110.0,2.042,0.452,V_OUT,MOT2,0.0,0.0
R290,R600a,R290/R600a,0.4,30.0,110.0,2.042,0.452,V_OUT,SNK_HX,185276.3,166.19
R290,R600a,R290/R600a,0.4,30.0,110.0,2.042,0.452,V_OUT,SRC_HX,108677.1,97.48
R290,R600a,R290/R600a,0.4,40.0,110.0,2.222,0.435,V_OUT,COMP1,229072.2,205.48
R290,R600a,R290/R600a,0.4,40.0,110.0,2.222,0.435,V_OUT,COMP2,300018.3,269.12
R290,R600a,R290/R600a,0.4,40.0,110.0,2.222,0.435,V_OUT,IHX,259590.4,232.85
R290,R600a,R290/R600a,0.4,40.0,110.0,2.222,0.435,V_OUT,MOT1,0.0,0.0
R290,R600a,R290/R600a,0.4,40.0,110.0,2.222,0.435,V_OUT,MOT2,0.0,0.0
R290,R600a,R290/R600a,0.4,40.0,110.0,2.222,0.435,V_OUT,SNK_HX,186435.0,167.23
R290,R600a,R290/R600a,0.4,40.0,110.0,2.222,0.435,V_OUT,SRC_HX,113025.6,101.38
R290,R600a,R290/R600a,0.4,50.0,110.0,2.426,0.414,V_OUT,COMP1,208021.1,186.6
R290,R600a,R290/R600a,0.4,50.0,110.0,2.426,0.414,V_OUT,COMP2,264673.1,237.41
R290,R600a,R290/R600a,0.4,50.0,110.0,2.426,0.414,V_OUT,IHX,270476.8,242.62
R290,R600a,R290/R600a,0.4,50.0,110.0,2.426,0.414,V_OUT,MOT1,0.0,0.0
R290,R600a,R290/R600a,0.4,50.0,110.0,2.426,0.414,V_OUT,MOT2,0.0,0.0
R290,R600a,R290/R600a,0.4,50.0,110.0,2.426,0.414,V_OUT,SNK_HX,187477.7,168.17
R290,R600a,R290/R600a,0.4,50.0,110.0,2.426,0.414,V_OUT,SRC_HX,117425.9,105.33
R290,R600a,R290/R600a,0.4,60.0,110.0,2.655,0.386,V_OUT,COMP1,191437.6,171.72
R290,R600a,R290/R600a,0.4,60.0,110.0,2.655,0.386,V_OUT,COMP2,234570.5,210.41
R290,R600a,R290/R600a,0.4,60.0,110.0,2.655,0.386,V_OUT,IHX,283457.5,254.26
R290,R600a,R290/R600a,0.4,60.0,110.0,2.655,0.386,V_OUT,MOT1,0.0,0.0
R290,R600a,R290/R600a,0.4,60.0,110.0,2.655,0.386,V_OUT,MOT2,0.0,0.0
R290,R600a,R290/R600a,0.4,60.0,110.0,2.655,0.386,V_OUT,SNK_HX,188380.2,168.98
R290,R600a,R290/R600a,0.4,60.0,110.0,2.655,0.386,V_OUT,SRC_HX,122057.1,109.49
R290,R600a,R290/R600a,0.5,20.0,110.0,1.889,0.465,V_OUT,COMP1,337357.4,302.61
R290,R600a,R290/R600a,0.5,20.0,110.0,1.889,0.465,V_OUT,COMP2,320078.2,287.11
R290,R600a,R290/R600a,0.5,20.0,110.0,1.889,0.465,V_OUT,IHX,234717.9,210.54
R290,R600a,R290/R600a,0.5,20.0,110.0,1.889,0.465,V_OUT,MOT1,0.0,0.0
R290,R600a,R290/R600a,0.5,20.0,110.0,1.889,0.465,V_OUT,MOT2,0.0,0.0
R290,R600a,R290/R600a,0.5,20.0,110.0,1.889,0.465,V_OUT,SNK_HX,185868.0,166.72
R290,R600a,R290/R600a,0.5,20.0,110.0,1.889,0.465,V_OUT,SRC_HX,105571.3,94.7
R290,R600a,R290/R600a,0.5,30.0,110.0,2.029,0.449,V_OUT,COMP1,291623.8,261.59
R290,R600a,R290/R600a,0.5,30.0,110.0,2.029,0.449,V_OUT,COMP2,287576.4,257.96
R290,R600a,R290/R600a,0.5,30.0,110.0,2.029,0.449,V_OUT,IHX,247735.8,222.22
R290,R600a,R290/R600a,0.5,30.0,110.0,2.029,0.449,V_OUT,MOT1,0.0,0.0
R290,R600a,R290/R600a,0.5,30.0,110.0,2.029,0.449,V_OUT,MOT2,0.0,0.0
R290,R600a,R290/R600a,0.5,30.0,110.0,2.029,0.449,V_OUT,SNK_HX,186797.0,167.56
R290,R600a,R290/R600a,0.5,30.0,110.0,2.029,0.449,V_OUT,SRC_HX,109676.4,98.38
R290,R600a,R290/R600a,0.5,40.0,110.0,2.188,0.428,V_OUT,COMP1,256718.6,230.28
R290,R600a,R290/R600a,0.5,40.0,110.0,2.188,0.428,V_OUT,COMP2,259323.7,232.61
R290,R600a,R290/R600a,0.5,40.0,110.0,2.188,0.428,V_OUT,IHX,260244.2,233.44
R290,R600a,R290/R600a,0.5,40.0,110.0,2.188,0.428,V_OUT,MOT1,0.0,0.0
R290,R600a,R290/R600a,0.5,40.0,110.0,2.188,0.428,V_OUT,MOT2,0.0,0.0
R290,R600a,R290/R600a,0.5,40.0,110.0,2.188,0.428,V_OUT,SNK_HX,187638.3,168.31
R290,R600a,R290/R600a,0.5,40.0,110.0,2.188,0.428,V_OUT,SRC_HX,113831.4,102.11
R290,R600a,R290/R600a,0.5,50.0,110.0,2.368,0.404,V_OUT,COMP1,229659.6,206.01
R290,R600a,R290/R600a,0.5,50.0,110.0,2.368,0.404,V_OUT,COMP2,234570.5,210.41
R290,R600a,R290/R600a,0.5,50.0,110.0,2.368,0.404,V_OUT,IHX,273839.6,245.64
R290,R600a,R290/R600a,0.5,50.0,110.0,2.368,0.404,V_OUT,MOT1,0.0,0.0
R290,R600a,R290/R600a,0.5,50.0,110.0,2.368,0.404,V_OUT,MOT2,0.0,0.0
R290,R600a,R290/R600a,0.5,50.0,110.0,2.368,0.404,V_OUT,SNK_HX,188380.2,168.98
R290,R600a,R290/R600a,0.5,50.0,110.0,2.368,0.404,V_OUT,SRC_HX,118134.9,105.97
R717,R600,R717/R600,0.3,20.0,110.0,2.003,0.495,V_OUT,COMP1,156508.4,140.39
R717,R600,R717/R600,0.3,20.0,110.0,2.003,0.495,V_OUT,COMP2,532607.1,477.75
R717,R600,R717/R600,0.3,20.0,110.0,2.003,0.495,V_OUT,IHX,101758.5,91.28
R717,R600,R717/R600,0.3,20.0,110.0,2.003,0.495,V_OUT,MOT1,50004.2,44.85
R717,R600,R717/R600,0.3,20.0,110.0,2.003,0.495,V_OUT,MOT2,0.0,0.0
R717,R600,R717/R600,0.3,20.0,110.0,2.003,0.495,V_OUT,SNK_HX,173089.7,155.26
R717,R600,R717/R600,0.3,20.0,110.0,2.003,0.495,V_OUT,SRC_HX,101926.3,91.43
R717,R600,R717/R600,0.3,30.0,110.0,2.197,0.488,V_OUT,COMP1,202703.8,181.83
R717,R600,R717/R600,0.3,30.0,110.0,2.197,0.488,V_OUT,COMP2,444833.9,399.02
R717,R600,R717/R600,0.3,30.0,110.0,2.197,0.488,V_OUT,IHX,109880.6,98.56
R717,R600,R717/R600,0.3,30.0,110.0,2.197,0.488,V_OUT,MOT1,49858.4,44.72
R717,R600,R717/R600,0.3,30.0,110.0,2.197,0.488,V_OUT,MOT2,0.0,0.0
R717,R600,R717/R600,0.3,30.0,110.0,2.197,0.488,V_OUT,SNK_HX,173089.7,155.26
R717,R600,R717/R600,0.3,30.0,110.0,2.197,0.488,V_OUT,SRC_HX,105868.9,94.96
R717,R600,R717/R600,0.3,40.0,110.0,2.426,0.477,V_OUT,COMP1,177080.7,158.84
R717,R600,R717/R600,0.3,40.0,110.0,2.426,0.477,V_OUT,COMP2,376913.9,338.09
R717,R600,R717/R600,0.3,40.0,110.0,2.426,0.477,V_OUT,IHX,118309.2,106.12
R717,R600,R717/R600,0.3,40.0,110.0,2.426,0.477,V_OUT,MOT1,49526.2,44.43
R717,R600,R717/R600,0.3,40.0,110.0,2.426,0.477,V_OUT,MOT2,0.0,0.0
R717,R600,R717/R600,0.3,40.0,110.0,2.426,0.477,V_OUT,SNK_HX,174635.5,156.65
R717,R600,R717/R600,0.3,40.0,110.0,2.426,0.477,V_OUT,SRC_HX,109598.9,98.31
R717,R600,R717/R600,0.3,50.0,110.0,2.7,0.464,V_OUT,COMP1,156295.0,140.2
R717,R600,R717/R600,0.3,50.0,110.0,2.7,0.464,V_OUT,COMP2,322874.3,289.62
R717,R600,R717/R600,0.3,50.0,110.0,2.7,0.464,V_OUT,IHX,127118.7,114.03
R717,R600,R717/R600,0.3,50.0,110.0,2.7,0.464,V_OUT,MOT1,49029.4,43.98
R717,R600,R717/R600,0.3,50.0,110.0,2.7,0.464,V_OUT,MOT2,0.0,0.0
R717,R600,R717/R600,0.3,50.0,110.0,2.7,0.464,V_OUT,SNK_HX,176576.8,158.39
R717,R600,R717/R600,0.3,50.0,110.0,2.7,0.464,V_OUT,SRC_HX,113139.8,101.49
R717,R600,R717/R600,0.3,60.0,110.0,3.034,0.444,V_OUT,COMP1,139228.8,124.89
R717,R600,R717/R600,0.3,60.0,110.0,3.034,0.444,V_OUT,COMP2,278954.0,250.22
R717,R600,R717/R600,0.3,60.0,110.0,3.034,0.444,V_OUT,IHX,136417.8,122.37
R717,R600,R717/R600,0.3,60.0,110.0,3.034,0.444,V_OUT,MOT1,48390.1,43.41
R717,R600,R717/R600,0.3,60.0,110.0,3.034,0.444,V_OUT,MOT2,0.0,0.0
R717,R600,R717/R600,0.3,60.0,110.0,3.034,0.444,V_OUT,SNK_HX,178355.5,159.99
R717,R600,R717/R600,0.3,60.0,110.0,3.034,0.444,V_OUT,SRC_HX,116524.6,104.52
R717,R600,R717/R600,0.4,20.0,110.0,2.061,0.51,V_OUT,COMP1,254057.4,227.89
R717,R600,R717/R600,0.4,20.0,110.0,2.061,0.51,V_OUT,COMP2,423715.2,380.07
R717,R600,R717/R600,0.4,20.0,110.0,2.061,0.51,V_OUT,IHX,100728.0,90.35
R717,R600,R717/R600,0.4,20.0,110.0,2.061,0.51,V_OUT,MOT1,58228.2,52.23
R717,R600,R717/R600,0.4,20.0,110.0,2.061,0.51,V_OUT,MOT2,0.0,0.0
R717,R600,R717/R600,0.4,20.0,110.0,2.061,0.51,V_OUT,SNK_HX,173207.1,155.37
R717,R600,R717/R600,0.4,20.0,110.0,2.061,0.51,V_OUT,SRC_HX,103272.5,92.64
R717,R600,R717/R600,0.4,30.0,110.0,2.248,0.5,V_OUT,COMP1,215912.4,193.67
R717,R600,R717/R600,0.4,30.0,110.0,2.248,0.5,V_OUT,COMP2,368450.1,330.5
R717,R600,R717/R600,0.4,30.0,110.0,2.248,0.5,V_OUT,IHX,108299.3,97.14
R717,R600,R717/R600,0.4,30.0,110.0,2.248,0.5,V_OUT,MOT1,57214.1,51.32
R717,R600,R717/R600,0.4,30.0,110.0,2.248,0.5,V_OUT,MOT2,0.0,0.0
R717,R600,R717/R600,0.4,30.0,110.0,2.248,0.5,V_OUT,SNK_HX,174919.3,156.9
R717,R600,R717/R600,0.4,30.0,110.0,2.248,0.5,V_OUT,SRC_HX,106856.8,95.85
R717,R600,R717/R600,0.4,40.0,110.0,2.47,0.487,V_OUT,COMP1,186249.3,167.07
R717,R600,R717/R600,0.4,40.0,110.0,2.47,0.487,V_OUT,COMP2,322874.3,289.62
R717,R600,R717/R600,0.4,40.0,110.0,2.47,0.487,V_OUT,IHX,116297.1,104.32
R717,R600,R717/R600,0.4,40.0,110.0,2.47,0.487,V_OUT,MOT1,56028.0,50.26
R717,R600,R717/R600,0.4,40.0,110.0,2.47,0.487,V_OUT,MOT2,0.0,0.0
R717,R600,R717/R600,0.4,40.0,110.0,2.47,0.487,V_OUT,SNK_HX,176576.8,158.39
R717,R600,R717/R600,0.4,40.0,110.0,2.47,0.487,V_OUT,SRC_HX,110297.8,98.94
R717,R600,R717/R600,0.4,50.0,110.0,2.735,0.47,V_OUT,COMP1,162703.9,145.95
R717,R600,R717/R600,0.4,50.0,110.0,2.735,0.47,V_OUT,COMP2,284713.5,255.39
R717,R600,R717/R600,0.4,50.0,110.0,2.735,0.47,V_OUT,IHX,124821.2,111.97
R717,R600,R717/R600,0.4,50.0,110.0,2.735,0.47,V_OUT,MOT1,54684.0,49.05
R717,R600,R717/R600,0.4,50.0,110.0,2.735,0.47,V_OUT,MOT2,0.0,0.0
R717,R600,R717/R600,0.4,50.0,110.0,2.735,0.47,V_OUT,SNK_HX,178114.1,159.77
R717,R600,R717/R600,0.4,50.0,110.0,2.735,0.47,V_OUT,SRC_HX,113610.7,101.91
R717,R600,R717/R600,0.4,60.0,110.0,3.058,0.448,V_OUT,COMP1,143703.4,128.9
R717,R600,R717/R600,0.4,60.0,110.0,3.058,0.448,V_OUT,COMP2,252358.4,226.37
R717,R600,R717/R600,0.4,60.0,110.0,3.058,0.448,V_OUT,IHX,134009.4,120.21
R717,R600,R717/R600,0.4,60.0,110.0,3.058,0.448,V_OUT,MOT1,53194.9,47.72
R717,R600,R717/R600,0.4,60.0,110.0,3.058,0.448,V_OUT,MOT2,0.0,0.0
R717,R600,R717/R600,0.4,60.0,110.0,3.058,0.448,V_OUT,SNK_HX,179491.2,161.0
R717,R600,R717/R600,0.4,60.0,110.0,3.058,0.448,V_OUT,SRC_HX,116821.2,104.79
R717,R600,R717/R600,0.5,20.0,110.0,2.096,0.519,V_OUT,COMP1,274245.5,246.0
R717,R600,R717/R600,0.5,20.0,110.0,2.096,0.519,V_OUT,COMP2,344612.3,309.12
R717,R600,R717/R600,0.5,20.0,110.0,2.096,0.519,V_OUT,IHX,100408.8,90.07
R717,R600,R717/R600,0.5,20.0,110.0,2.096,0.519,V_OUT,MOT1,66371.1,59.54
R717,R600,R717/R600,0.5,20.0,110.0,2.096,0.519,V_OUT,MOT2,0.0,0.0
R717,R600,R717/R600,0.5,20.0,110.0,2.096,0.519,V_OUT,SNK_HX,175759.6,157.66
R717,R600,R717/R600,0.5,20.0,110.0,2.096,0.519,V_OUT,SRC_HX,104112.6,93.39
R717,R600,R717/R600,0.5,30.0,110.0,2.278,0.506,V_OUT,COMP1,229459.6,205.83
R717,R600,R717/R600,0.5,30.0,110.0,2.278,0.506,V_OUT,COMP2,309420.6,277.55
R717,R600,R717/R600,0.5,30.0,110.0,2.278,0.506,V_OUT,IHX,107483.6,96.41
R717,R600,R717/R600,0.5,30.0,110.0,2.278,0.506,V_OUT,MOT1,64506.3,57.86
R717,R600,R717/R600,0.5,30.0,110.0,2.278,0.506,V_OUT,MOT2,0.0,0.0
R717,R600,R717/R600,0.5,30.0,110.0,2.278,0.506,V_OUT,SNK_HX,177105.1,158.86
R717,R600,R717/R600,0.5,30.0,110.0,2.278,0.506,V_OUT,SRC_HX,107465.4,96.4
R717,R600,R717/R600,0.5,40.0,110.0,2.493,0.491,V_OUT,COMP1,195551.6,175.41
R717,R600,R717/R600,0.5,40.0,110.0,2.493,0.491,V_OUT,COMP2,278954.0,250.22
R717,R600,R717/R600,0.5,40.0,110.0,2.493,0.491,V_OUT,IHX,115062.0,103.21
R717,R600,R717/R600,0.5,40.0,110.0,2.493,0.491,V_OUT,MOT1,62483.2,56.05
R717,R600,R717/R600,0.5,40.0,110.0,2.493,0.491,V_OUT,MOT2,0.0,0.0
R717,R600,R717/R600,0.5,40.0,110.0,2.493,0.491,V_OUT,SNK_HX,178355.5,159.99
R717,R600,R717/R600,0.5,40.0,110.0,2.493,0.491,V_OUT,SRC_HX,110719.8,99.32
R717,R600,R717/R600,0.5,50.0,110.0,2.75,0.472,V_OUT,COMP1,169175.4,151.75
R717,R600,R717/R600,0.5,50.0,110.0,2.75,0.472,V_OUT,COMP2,252358.4,226.37
R717,R600,R717/R600,0.5,50.0,110.0,2.75,0.472,V_OUT,IHX,123269.3,110.57
R717,R600,R717/R600,0.5,50.0,110.0,2.75,0.472,V_OUT,MOT1,60307.3,54.1
R717,R600,R717/R600,0.5,50.0,110.0,2.75,0.472,V_OUT,MOT2,0.0,0.0
R717,R600,R717/R600,0.5,50.0,110.0,2.75,0.472,V_OUT,SNK_HX,179491.2,161.0
R717,R600,R717/R600,0.5,50.0,110.0,2.75,0.472,V_OUT,SRC_HX,113886.3,102.16
R717,R600,R717/R600,0.5,60.0,110.0,3.063,0.449,V_OUT,COMP1,148217.4,132.95
R717,R600,R717/R600,0.5,60.0,110.0,3.063,0.449,V_OUT,COMP2,228972.6,205.39
R717,R600,R717/R600,0.5,60.0,110.0,3.063,0.449,V_OUT,IHX,132271.6,118.65
R717,R600,R717/R600,0.5,60.0,110.0,3.063,0.449,V_OUT,MOT1,57981.5,52.01
R717,R600,R717/R600,0.5,60.0,110.0,3.063,0.449,V_OUT,MOT2,0.0,0.0
R717,R600,R717/R600,0.5,60.0,110.0,3.063,0.449,V_OUT,SNK_HX,180502.6,161.91
R717,R600,R717/R600,0.5,60.0,110.0,3.063,0.449,V_OUT,SRC_HX,116986.6,104.94
R717,R600a,R717/R600a,0.3,20.0,110.0,1.868,0.46,V_OUT,COMP1,147235.1,132.07
R717,R600a,R717/R600a,0.3,20.0,110.0,1.868,0.46,V_OUT,COMP2,491392.5,440.78
R717,R600a,R717/R600a,0.3,20.0,110.0,1.868,0.46,V_OUT,IHX,110744.8,99.34
R717,R600a,R717/R600a,0.3,20.0,110.0,1.868,0.46,V_OUT,MOT1,47334.7,42.46
R717,R600a,R717/R600a,0.3,20.0,110.0,1.868,0.46,V_OUT,MOT2,0.0,0.0
R717,R600a,R717/R600a,0.3,20.0,110.0,1.868,0.46,V_OUT,SNK_HX,182170.6,163.41
R717,R600a,R717/R600a,0.3,20.0,110.0,1.868,0.46,V_OUT,SRC_HX,98616.0,88.46
R717,R600a,R717/R600a,0.3,30.0,110.0,2.056,0.455,V_OUT,COMP1,193186.0,173.29
R717,R600a,R717/R600a,0.3,30.0,110.0,2.056,0.455,V_OUT,COMP2,411890.9,369.47
R717,R600a,R717/R600a,0.3,30.0,110.0,2.056,0.455,V_OUT,IHX,120664.0,108.24
R717,R600a,R717/R600a,0.3,30.0,110.0,2.056,0.455,V_OUT,MOT1,47706.2,42.79
R717,R600a,R717/R600a,0.3,30.0,110.0,2.056,0.455,V_OUT,MOT2,0.0,0.0
R717,R600a,R717/R600a,0.3,30.0,110.0,2.056,0.455,V_OUT,SNK_HX,183619.4,164.71
R717,R600a,R717/R600a,0.3,30.0,110.0,2.056,0.455,V_OUT,SRC_HX,103221.6,92.59
R717,R600a,R717/R600a,0.3,40.0,110.0,2.281,0.448,V_OUT,COMP1,170563.6,153.0
R717,R600a,R717/R600a,0.3,40.0,110.0,2.281,0.448,V_OUT,COMP2,349789.1,313.76
R717,R600a,R717/R600a,0.3,40.0,110.0,2.281,0.448,V_OUT,IHX,131021.7,117.53
R717,R600a,R717/R600a,0.3,40.0,110.0,2.281,0.448,V_OUT,MOT1,47813.6,42.89
R717,R600a,R717/R600a,0.3,40.0,110.0,2.281,0.448,V_OUT,MOT2,0.0,0.0
R717,R600a,R717/R600a,0.3,40.0,110.0,2.281,0.448,V_OUT,SNK_HX,185074.3,166.01
R717,R600a,R717/R600a,0.3,40.0,110.0,2.281,0.448,V_OUT,SRC_HX,107506.3,96.43
R717,R600a,R717/R600a,0.3,50.0,110.0,2.552,0.437,V_OUT,COMP1,151851.4,136.21
R717,R600a,R717/R600a,0.3,50.0,110.0,2.552,0.437,V_OUT,COMP2,300018.3,269.12
R717,R600a,R717/R600a,0.3,50.0,110.0,2.552,0.437,V_OUT,IHX,141957.1,127.34
R717,R600a,R717/R600a,0.3,50.0,110.0,2.552,0.437,V_OUT,MOT1,47688.7,42.78
R717,R600a,R717/R600a,0.3,50.0,110.0,2.552,0.437,V_OUT,MOT2,0.0,0.0
R717,R600a,R717/R600a,0.3,50.0,110.0,2.552,0.437,V_OUT,SNK_HX,186435.0,167.23
R717,R600a,R717/R600a,0.3,50.0,110.0,2.552,0.437,V_OUT,SRC_HX,111510.8,100.03
R717,R600a,R717/R600a,0.3,60.0,110.0,2.883,0.421,V_OUT,COMP1,136227.7,122.2
R717,R600a,R717/R600a,0.3,60.0,110.0,2.883,0.421,V_OUT,COMP2,259323.7,232.61
R717,R600a,R717/R600a,0.3,60.0,110.0,2.883,0.421,V_OUT,IHX,153706.2,137.87
R717,R600a,R717/R600a,0.3,60.0,110.0,2.883,0.421,V_OUT,MOT1,47361.4,42.48
R717,R600a,R717/R600a,0.3,60.0,110.0,2.883,0.421,V_OUT,MOT2,0.0,0.0
R717,R600a,R717/R600a,0.3,60.0,110.0,2.883,0.421,V_OUT,SNK_HX,187638.3,168.31
R717,R600a,R717/R600a,0.3,60.0,110.0,2.883,0.421,V_OUT,SRC_HX,115281.3,103.41
R717,R600a,R717/R600a,0.4,20.0,110.0,1.95,0.481,V_OUT,COMP1,242730.2,217.73
R717,R600a,R717/R600a,0.4,20.0,110.0,1.95,0.481,V_OUT,COMP2,392638.9,352.2
R717,R600a,R717/R600a,0.4,20.0,110.0,1.95,0.481,V_OUT,IHX,108013.4,96.89
R717,R600a,R717/R600a,0.4,20.0,110.0,1.95,0.481,V_OUT,MOT1,55968.9,50.2
R717,R600a,R717/R600a,0.4,20.0,110.0,1.95,0.481,V_OUT,MOT2,0.0,0.0
R717,R600a,R717/R600a,0.4,20.0,110.0,1.95,0.481,V_OUT,SNK_HX,184039.6,165.08
R717,R600a,R717/R600a,0.4,20.0,110.0,1.95,0.481,V_OUT,SRC_HX,100829.1,90.44
R717,R600a,R717/R600a,0.4,30.0,110.0,2.134,0.473,V_OUT,COMP1,208153.4,186.71
R717,R600a,R717/R600a,0.4,30.0,110.0,2.134,0.473,V_OUT,COMP2,342015.0,306.79
R717,R600a,R717/R600a,0.4,30.0,110.0,2.134,0.473,V_OUT,IHX,117357.9,105.27
R717,R600a,R717/R600a,0.4,30.0,110.0,2.134,0.473,V_OUT,MOT1,55382.6,49.68
R717,R600a,R717/R600a,0.4,30.0,110.0,2.134,0.473,V_OUT,MOT2,0.0,0.0
R717,R600a,R717/R600a,0.4,30.0,110.0,2.134,0.473,V_OUT,SNK_HX,185276.3,166.19
R717,R600a,R717/R600a,0.4,30.0,110.0,2.134,0.473,V_OUT,SRC_HX,104860.0,94.06
R717,R600a,R717/R600a,0.4,40.0,110.0,2.352,0.462,V_OUT,COMP1,180908.5,162.28
R717,R600a,R717/R600a,0.4,40.0,110.0,2.352,0.462,V_OUT,COMP2,300018.3,269.12
R717,R600a,R717/R600a,0.4,40.0,110.0,2.352,0.462,V_OUT,IHX,127326.0,114.21
R717,R600a,R717/R600a,0.4,40.0,110.0,2.352,0.462,V_OUT,MOT1,54561.8,48.94
R717,R600a,R717/R600a,0.4,40.0,110.0,2.352,0.462,V_OUT,MOT2,0.0,0.0
R717,R600a,R717/R600a,0.4,40.0,110.0,2.352,0.462,V_OUT,SNK_HX,186435.0,167.23
R717,R600a,R717/R600a,0.4,40.0,110.0,2.352,0.462,V_OUT,SRC_HX,108684.7,97.49
R717,R600a,R717/R600a,0.4,50.0,110.0,2.613,0.448,V_OUT,COMP1,159028.8,142.65
R717,R600a,R717/R600a,0.4,50.0,110.0,2.613,0.448,V_OUT,COMP2,264673.1,237.41
R717,R600a,R717/R600a,0.4,50.0,110.0,2.613,0.448,V_OUT,IHX,138103.1,123.88
R717,R600a,R717/R600a,0.4,50.0,110.0,2.613,0.448,V_OUT,MOT1,53527.8,48.01
R717,R600a,R717/R600a,0.4,50.0,110.0,2.613,0.448,V_OUT,MOT2,0.0,0.0
R717,R600a,R717/R600a,0.4,50.0,110.0,2.613,0.448,V_OUT,SNK_HX,187477.7,168.17
R717,R600a,R717/R600a,0.4,50.0,110.0,2.613,0.448,V_OUT,SRC_HX,112326.5,100.76
R717,R600a,R717/R600a,0.4,60.0,110.0,2.932,0.429,V_OUT,COMP1,141191.2,126.65
R717,R600a,R717/R600a,0.4,60.0,110.0,2.932,0.429,V_OUT,COMP2,234570.5,210.41
R717,R600a,R717/R600a,0.4,60.0,110.0,2.932,0.429,V_OUT,IHX,149964.4,134.52
R717,R600a,R717/R600a,0.4,60.0,110.0,2.932,0.429,V_OUT,MOT1,52300.5,46.91
R717,R600a,R717/R600a,0.4,60.0,110.0,2.932,0.429,V_OUT,MOT2,0.0,0.0
R717,R600a,R717/R600a,0.4,60.0,110.0,2.932,0.429,V_OUT,SNK_HX,188380.2,168.98
R717,R600a,R717/R600a,0.4,60.0,110.0,2.932,0.429,V_OUT,SRC_HX,115818.3,103.89
R717,R600a,R717/R600a,0.5,20.0,110.0,2.011,0.497,V_OUT,COMP1,265224.7,237.91
R717,R600a,R717/R600a,0.5,20.0,110.0,2.011,0.497,V_OUT,COMP2,320078.2,287.11
R717,R600a,R717/R600a,0.5,20.0,110.0,2.011,0.497,V_OUT,IHX,106983.8,95.96
R717,R600a,R717/R600a,0.5,20.0,110.0,2.011,0.497,V_OUT,MOT1,64529.1,57.88
R717,R600a,R717/R600a,0.5,20.0,110.0,2.011,0.497,V_OUT,MOT2,0.0,0.0
R717,R600a,R717/R600a,0.5,20.0,110.0,2.011,0.497,V_OUT,SNK_HX,185868.0,166.72
R717,R600a,R717/R600a,0.5,20.0,110.0,2.011,0.497,V_OUT,SRC_HX,102344.5,91.8
R717,R600a,R717/R600a,0.5,30.0,110.0,2.189,0.486,V_OUT,COMP1,223274.6,200.28
R717,R600a,R717/R600a,0.5,30.0,110.0,2.189,0.486,V_OUT,COMP2,287576.4,257.96
R717,R600a,R717/R600a,0.5,30.0,110.0,2.189,0.486,V_OUT,IHX,115722.1,103.8
R717,R600a,R717/R600a,0.5,30.0,110.0,2.189,0.486,V_OUT,MOT1,62998.8,56.51
R717,R600a,R717/R600a,0.5,30.0,110.0,2.189,0.486,V_OUT,MOT2,0.0,0.0
R717,R600a,R717/R600a,0.5,30.0,110.0,2.189,0.486,V_OUT,SNK_HX,186797.0,167.56
R717,R600a,R717/R600a,0.5,30.0,110.0,2.189,0.486,V_OUT,SRC_HX,105988.6,95.07
R717,R600a,R717/R600a,0.5,40.0,110.0,2.4,0.472,V_OUT,COMP1,191266.3,171.57
R717,R600a,R717/R600a,0.5,40.0,110.0,2.4,0.472,V_OUT,COMP2,259323.7,232.61
R717,R600a,R717/R600a,0.5,40.0,110.0,2.4,0.472,V_OUT,IHX,125225.9,112.33
R717,R600a,R717/R600a,0.5,40.0,110.0,2.4,0.472,V_OUT,MOT1,61264.1,54.95
R717,R600a,R717/R600a,0.5,40.0,110.0,2.4,0.472,V_OUT,MOT2,0.0,0.0
R717,R600a,R717/R600a,0.5,40.0,110.0,2.4,0.472,V_OUT,SNK_HX,187638.3,168.31
R717,R600a,R717/R600a,0.5,40.0,110.0,2.4,0.472,V_OUT,SRC_HX,109499.6,98.22
R717,R600a,R717/R600a,0.5,50.0,110.0,2.653,0.455,V_OUT,COMP1,166196.0,149.08
R717,R600a,R717/R600a,0.5,50.0,110.0,2.653,0.455,V_OUT,COMP2,234570.5,210.41
R717,R600a,R717/R600a,0.5,50.0,110.0,2.653,0.455,V_OUT,IHX,135716.5,121.74
R717,R600a,R717/R600a,0.5,50.0,110.0,2.653,0.455,V_OUT,MOT1,59335.6,53.22
R717,R600a,R717/R600a,0.5,50.0,110.0,2.653,0.455,V_OUT,MOT2,0.0,0.0
R717,R600a,R717/R600a,0.5,50.0,110.0,2.653,0.455,V_OUT,SNK_HX,188380.2,168.98
R717,R600a,R717/R600a,0.5,50.0,110.0,2.653,0.455,V_OUT,SRC_HX,112892.3,101.26
R717,R600a,R717/R600a,0.5,60.0,110.0,2.962,0.433,V_OUT,COMP1,146154.0,131.1
R717,R600a,R717/R600a,0.5,60.0,110.0,2.962,0.433,V_OUT,COMP2,212732.0,190.82
R717,R600a,R717/R600a,0.5,60.0,110.0,2.962,0.433,V_OUT,IHX,147497.5,132.31
R717,R600a,R717/R600a,0.5,60.0,110.0,2.962,0.433,V_OUT,MOT1,57221.5,51.33
R717,R600a,R717/R600a,0.5,60.0,110.0,2.962,0.433,V_OUT,MOT2,0.0,0.0
R717,R600a,R717/R600a,0.5,60.0,110.0,2.962,0.433,V_OUT,SNK_HX,189017.4,169.55
R717,R600a,R717/R600a,0.5,60.0,110.0,2.962,0.433,V_OUT,SRC_HX,116191.9,104.22
