f1,f2,pair,ls,T_src,T_steam,COP,eta_Lorenz,V_envelope,e1_c [EUR/MWh],c_P [EUR/GJ],Z_sum [EUR/h]
R1270,R600,R1270/R600,0.3,20.0,100.0,2.161,0.492,V_OUT,100.0,96.592,24.378
R1270,R600,R1270/R600,0.3,20.0,100.0,2.161,0.492,V_OUT,110.0,103.452,24.378
R1270,R600,R1270/R600,0.3,20.0,100.0,2.161,0.492,V_OUT,120.0,110.312,24.378
R1270,R600,R1270/R600,0.3,20.0,100.0,2.161,0.492,V_OUT,130.0,117.171,24.378
R1270,R600,R1270/R600,0.3,20.0,100.0,2.161,0.492,V_OUT,140.0,124.031,24.378
R1270,R600,R1270/R600,0.3,20.0,100.0,2.161,0.492,V_OUT,150.0,130.89,24.378
R1270,R600,R1270/R600,0.3,20.0,100.0,2.161,0.492,V_OUT,160.0,137.75,24.378
R1270,R600,R1270/R600,0.3,20.0,100.0,2.161,0.492,V_OUT,170.0,144.61,24.378
R1270,R600,R1270/R600,0.3,20.0,100.0,2.161,0.492,V_OUT,180.0,151.469,24.378
R1270,R600,R1270/R600,0.3,20.0,100.0,2.161,0.492,V_OUT,190.0,158.329,24.378
R1270,R600,R1270/R600,0.3,20.0,100.0,2.161,0.492,V_OUT,200.0,165.188,24.378
R1270,R600,R1270/R600,0.3,30.0,100.0,2.361,0.477,V_OUT,100.0,88.648,22.522
R1270,R600,R1270/R600,0.3,30.0,100.0,2.361,0.477,V_OUT,110.0,94.926,22.522
R1270,R600,R1270/R600,0.3,30.0,100.0,2.361,0.477,V_OUT,120.0,101.205,22.522
R1270,R600,R1270/R600,0.3,30.0,100.0,2.361,0.477,V_OUT,130.0,107.483,22.522
R1270,R600,R1270/R600,0.3,30.0,100.0,2.361,0.477,V_OUT,140.0,113.761,22.522
R1270,R600,R1270/R600,0.3,30.0,100.0,2.361,0.477,V_OUT,150.0,120.04,22.522
R1270,R600,R1270/R600,0.3,30.0,100.0,2.361,0.477,V_OUT,160.0,126.318,22.522
R1270,R600,R1270/R600,0.3,30.0,100.0,2.361,0.477,V_OUT,170.0,132.596,22.522
R1270,R600,R1270/R600,0.3,30.0,100.0,2.361,0.477,V_OUT,180.0,138.875,22.522
R1270,R600,R1270/R600,0.3,30.0,100.0,2.361,0.477,V_OUT,190.0,145.153,22.522
R1270,R600,R1270/R600,0.3,30.0,100.0,2.361,0.477,V_OUT,200.0,151.432,22.522
R1270,R600,R1270/R600,0.3,40.0,100.0,2.592,0.456,V_OUT,100.0,81.439,21.127
R1270,R600,R1270/R600,0.3,40.0,100.0,2.592,0.456,V_OUT,110.0,87.157,21.127
R1270,R600,R1270/R600,0.3,40.0,100.0,2.592,0.456,V_OUT,120.0,92.874,21.127
R1270,R600,R1270/R600,0.3,40.0,100.0,2.592,0.456,V_OUT,130.0,98.592,21.127
R1270,R600,R1270/R600,0.3,40.0,100.0,2.592,0.456,V_OUT,140.0,104.31,21.127
R1270,R600,R1270/R600,0.3,40.0,100.0,2.592,0.456,V_OUT,150.0,110.027,21.127
R1270,R600,R1270/R600,0.3,40.0,100.0,2.592,0.456,V_OUT,160.0,115.745,21.127
R1270,R600,R1270/R600,0.3,40.0,100.0,2.592,0.456,V_OUT,170.0,121.462,21.127
R1270,R600,R1270/R600,0.3,40.0,100.0,2.592,0.456,V_OUT,180.0,127.18,21.127
R1270,R600,R1270/R600,0.3,40.0,100.0,2.592,0.456,V_OUT,190.0,132.898,21.127
R1270,R600,R1270/R600,0.3,40.0,100.0,2.592,0.456,V_OUT,200.0,138.615,21.127
R1270,R600,R1270/R600,0.3,50.0,100.0,2.859,0.429,V_OUT,100.0,74.898,20.076
R1270,R600,R1270/R600,0.3,50.0,100.0,2.859,0.429,V_OUT,110.0,80.083,20.076
R1270,R600,R1270/R600,0.3,50.0,100.0,2.859,0.429,V_OUT,120.0,85.267,20.076
R1270,R600,R1270/R600,0.3,50.0,100.0,2.859,0.429,V_OUT,130.0,90.451,20.076
R1270,R600,R1270/R600,0.3,50.0,100.0,2.859,0.429,V_OUT,140.0,95.636,20.076
R1270,R600,R1270/R600,0.3,50.0,100.0,2.859,0.429,V_OUT,150.0,100.82,20.076
R1270,R600,R1270/R600,0.3,50.0,100.0,2.859,0.429,V_OUT,160.0,106.004,20.076
R1270,R600,R1270/R600,0.3,50.0,100.0,2.859,0.429,V_OUT,170.0,111.189,20.076
R1270,R600,R1270/R600,0.3,50.0,100.0,2.859,0.429,V_OUT,180.0,116.373,20.076
R1270,R600,R1270/R600,0.3,50.0,100.0,2.859,0.429,V_OUT,190.0,121.557,20.076
R1270,R600,R1270/R600,0.3,50.0,100.0,2.859,0.429,V_OUT,200.0,126.741,20.076
R1270,R600,R1270/R600,0.3,60.0,100.0,3.161,0.392,V_OUT,100.0,69.082,19.326
R1270,R600,R1270/R600,0.3,60.0,100.0,3.161,0.392,V_OUT,110.0,73.771,19.326
R1270,R600,R1270/R600,0.3,60.0,100.0,3.161,0.392,V_OUT,120.0,78.459,19.326
R1270,R600,R1270/R600,0.3,60.0,100.0,3.161,0.392,V_OUT,130.0,83.148,19.326
R1270,R600,R1270/R600,0.3,60.0,100.0,3.161,0.392,V_OUT,140.0,87.837,19.326
R1270,R600,R1270/R600,0.3,60.0,100.0,3.161,0.392,V_OUT,150.0,92.525,19.326
R1270,R600,R1270/R600,0.3,60.0,100.0,3.161,0.392,V_OUT,160.0,97.214,19.326
R1270,R600,R1270/R600,0.3,60.0,100.0,3.161,0.392,V_OUT,170.0,101.903,19.326
R1270,R600,R1270/R600,0.3,60.0,100.0,3.161,0.392,V_OUT,180.0,106.591,19.326
R1270,R600,R1270/R600,0.3,60.0,100.0,3.161,0.392,V_OUT,190.0,111.28,19.326
R1270,R600,R1270/R600,0.3,60.0,100.0,3.161,0.392,V_OUT,200.0,115.969,19.326
R1270,R600,R1270/R600,0.4,20.0,100.0,2.167,0.494,V_OUT,100.0,94.945,23.111
R1270,R600,R1270/R600,0.4,20.0,100.0,2.167,0.494,V_OUT,110.0,101.786,23.111
R1270,R600,R1270/R600,0.4,20.0,100.0,2.167,0.494,V_OUT,120.0,108.626,23.111
R1270,R600,R1270/R600,0.4,20.0,100.0,2.167,0.494,V_OUT,130.0,115.467,23.111
R1270,R600,R1270/R600,0.4,20.0,100.0,2.167,0.494,V_OUT,140.0,122.307,23.111
R1270,R600,R1270/R600,0.4,20.0,100.0,2.167,0.494,V_OUT,150.0,129.147,23.111
R1270,R600,R1270/R600,0.4,20.0,100.0,2.167,0.494,V_OUT,160.0,135.988,23.111
R1270,R600,R1270/R600,0.4,20.0,100.0,2.167,0.494,V_OUT,170.0,142.828,23.111
R1270,R600,R1270/R600,0.4,20.0,100.0,2.167,0.494,V_OUT,180.0,149.669,23.111
R1270,R600,R1270/R600,0.4,20.0,100.0,2.167,0.494,V_OUT,190.0,156.509,23.111
R1270,R600,R1270/R600,0.4,20.0,100.0,2.167,0.494,V_OUT,200.0,163.35,23.111
R1270,R600,R1270/R600,0.4,30.0,100.0,2.351,0.475,V_OUT,100.0,87.946,21.682
R1270,R600,R1270/R600,0.4,30.0,100.0,2.351,0.475,V_OUT,110.0,94.25,21.682
R1270,R600,R1270/R600,0.4,30.0,100.0,2.351,0.475,V_OUT,120.0,100.555,21.682
R1270,R600,R1270/R600,0.4,30.0,100.0,2.351,0.475,V_OUT,130.0,106.859,21.682
R1270,R600,R1270/R600,0.4,30.0,100.0,2.351,0.475,V_OUT,140.0,113.164,21.682
R1270,R600,R1270/R600,0.4,30.0,100.0,2.351,0.475,V_OUT,150.0,119.468,21.682
R1270,R600,R1270/R600,0.4,30.0,100.0,2.351,0.475,V_OUT,160.0,125.773,21.682
R1270,R600,R1270/R600,0.4,30.0,100.0,2.351,0.475,V_OUT,170.0,132.077,21.682
R1270,R600,R1270/R600,0.4,30.0,100.0,2.351,0.475,V_OUT,180.0,138.382,21.682
R1270,R600,R1270/R600,0.4,30.0,100.0,2.351,0.475,V_OUT,190.0,144.686,21.682
R1270,R600,R1270/R600,0.4,30.0,100.0,2.351,0.475,V_OUT,200.0,150.991,21.682
R1270,R600,R1270/R600,0.4,40.0,100.0,2.563,0.451,V_OUT,100.0,81.472,20.582
R1270,R600,R1270/R600,0.4,40.0,100.0,2.563,0.451,V_OUT,110.0,87.255,20.582
R1270,R600,R1270/R600,0.4,40.0,100.0,2.563,0.451,V_OUT,120.0,93.039,20.582
R1270,R600,R1270/R600,0.4,40.0,100.0,2.563,0.451,V_OUT,130.0,98.822,20.582
R1270,R600,R1270/R600,0.4,40.0,100.0,2.563,0.451,V_OUT,140.0,104.606,20.582
R1270,R600,R1270/R600,0.4,40.0,100.0,2.563,0.451,V_OUT,150.0,110.389,20.582
R1270,R600,R1270/R600,0.4,40.0,100.0,2.563,0.451,V_OUT,160.0,116.172,20.582
R1270,R600,R1270/R600,0.4,40.0,100.0,2.563,0.451,V_OUT,170.0,121.956,20.582
R1270,R600,R1270/R600,0.4,40.0,100.0,2.563,0.451,V_OUT,180.0,127.739,20.582
R1270,R600,R1270/R600,0.4,40.0,100.0,2.563,0.451,V_OUT,190.0,133.523,20.582
R1270,R600,R1270/R600,0.4,40.0,100.0,2.563,0.451,V_OUT,200.0,139.306,20.582
R1270,R600,R1270/R600,0.4,50.0,100.0,2.805,0.421,V_OUT,100.0,75.522,19.754
R1270,R600,R1270/R600,0.4,50.0,100.0,2.805,0.421,V_OUT,110.0,80.806,19.754
R1270,R600,R1270/R600,0.4,50.0,100.0,2.805,0.421,V_OUT,120.0,86.089,19.754
R1270,R600,R1270/R600,0.4,50.0,100.0,2.805,0.421,V_OUT,130.0,91.373,19.754
R1270,R600,R1270/R600,0.4,50.0,100.0,2.805,0.421,V_OUT,140.0,96.657,19.754
R1270,R600,R1270/R600,0.4,50.0,100.0,2.805,0.421,V_OUT,150.0,101.94,19.754
R1270,R600,R1270/R600,0.4,50.0,100.0,2.805,0.421,V_OUT,160.0,107.224,19.754
R1270,R600,R1270/R600,0.4,50.0,100.0,2.805,0.421,V_OUT,170.0,112.508,19.754
R1270,R600,R1270/R600,0.4,50.0,100.0,2.805,0.421,V_OUT,180.0,117.791,19.754
R1270,R600,R1270/R600,0.4,50.0,100.0,2.805,0.421,V_OUT,190.0,123.075,19.754
R1270,R600,R1270/R600,0.4,50.0,100.0,2.805,0.421,V_OUT,200.0,128.358,19.754
R1270,R600,R1270/R600,0.4,60.0,100.0,3.079,0.381,V_OUT,100.0,70.195,19.202
R1270,R600,R1270/R600,0.4,60.0,100.0,3.079,0.381,V_OUT,110.0,75.009,19.202
R1270,R600,R1270/R600,0.4,60.0,100.0,3.079,0.381,V_OUT,120.0,79.823,19.202
R1270,R600,R1270/R600,0.4,60.0,100.0,3.079,0.381,V_OUT,130.0,84.637,19.202
R1270,R600,R1270/R600,0.4,60.0,100.0,3.079,0.381,V_OUT,140.0,89.452,19.202
R1270,R600,R1270/R600,0.4,60.0,100.0,3.079,0.381,V_OUT,150.0,94.266,19.202
R1270,R600,R1270/R600,0.4,60.0,100.0,3.079,0.381,V_OUT,160.0,99.08,19.202
R1270,R600,R1270/R600,0.4,60.0,100.0,3.079,0.381,V_OUT,170.0,103.894,19.202
R1270,R600,R1270/R600,0.4,60.0,100.0,3.079,0.381,V_OUT,180.0,108.709,19.202
R1270,R600,R1270/R600,0.4,60.0,100.0,3.079,0.381,V_OUT,190.0,113.523,19.202
R1270,R600,R1270/R600,0.4,60.0,100.0,3.079,0.381,V_OUT,200.0,118.337,19.202
R1270,R600,R1270/R600,0.5,20.0,100.0,2.135,0.486,V_OUT,100.0,95.136,22.398
R1270,R600,R1270/R600,0.5,20.0,100.0,2.135,0.486,V_OUT,110.0,102.078,22.398
R1270,R600,R1270/R600,0.5,20.0,100.0,2.135,0.486,V_OUT,120.0,109.019,22.398
R1270,R600,R1270/R600,0.5,20.0,100.0,2.135,0.486,V_OUT,130.0,115.96,22.398
R1270,R600,R1270/R600,0.5,20.0,100.0,2.135,0.486,V_OUT,140.0,122.902,22.398
R1270,R600,R1270/R600,0.5,20.0,100.0,2.135,0.486,V_OUT,150.0,129.843,22.398
R1270,R600,R1270/R600,0.5,20.0,100.0,2.135,0.486,V_OUT,160.0,136.784,22.398
R1270,R600,R1270/R600,0.5,20.0,100.0,2.135,0.486,V_OUT,170.0,143.726,22.398
R1270,R600,R1270/R600,0.5,20.0,100.0,2.135,0.486,V_OUT,180.0,150.667,22.398
R1270,R600,R1270/R600,0.5,20.0,100.0,2.135,0.486,V_OUT,190.0,157.608,22.398
R1270,R600,R1270/R600,0.5,20.0,100.0,2.135,0.486,V_OUT,200.0,164.55,22.398
R1270,R600,R1270/R600,0.5,30.0,100.0,2.303,0.465,V_OUT,100.0,88.667,21.179
R1270,R600,R1270/R600,0.5,30.0,100.0,2.303,0.465,V_OUT,110.0,95.101,21.179
R1270,R600,R1270/R600,0.5,30.0,100.0,2.303,0.465,V_OUT,120.0,101.535,21.179
R1270,R600,R1270/R600,0.5,30.0,100.0,2.303,0.465,V_OUT,130.0,107.97,21.179
R1270,R600,R1270/R600,0.5,30.0,100.0,2.303,0.465,V_OUT,140.0,114.404,21.179
R1270,R600,R1270/R600,0.5,30.0,100.0,2.303,0.465,V_OUT,150.0,120.839,21.179
R1270,R600,R1270/R600,0.5,30.0,100.0,2.303,0.465,V_OUT,160.0,127.273,21.179
R1270,R600,R1270/R600,0.5,30.0,100.0,2.303,0.465,V_OUT,170.0,133.708,21.179
R1270,R600,R1270/R600,0.5,30.0,100.0,2.303,0.465,V_OUT,180.0,140.142,21.179
R1270,R600,R1270/R600,0.5,30.0,100.0,2.303,0.465,V_OUT,190.0,146.576,21.179
R1270,R600,R1270/R600,0.5,30.0,100.0,2.303,0.465,V_OUT,200.0,153.011,21.179
R1270,R600,R1270/R600,0.5,40.0,100.0,2.496,0.439,V_OUT,100.0,82.64,20.256
R1270,R600,R1270/R600,0.5,40.0,100.0,2.496,0.439,V_OUT,110.0,88.577,20.256
R1270,R600,R1270/R600,0.5,40.0,100.0,2.496,0.439,V_OUT,120.0,94.515,20.256
R1270,R600,R1270/R600,0.5,40.0,100.0,2.496,0.439,V_OUT,130.0,100.453,20.256
R1270,R600,R1270/R600,0.5,40.0,100.0,2.496,0.439,V_OUT,140.0,106.391,20.256
R1270,R600,R1270/R600,0.5,40.0,100.0,2.496,0.439,V_OUT,150.0,112.328,20.256
R1270,R600,R1270/R600,0.5,40.0,100.0,2.496,0.439,V_OUT,160.0,118.266,20.256
R1270,R600,R1270/R600,0.5,40.0,100.0,2.496,0.439,V_OUT,170.0,124.204,20.256
R1270,R600,R1270/R600,0.5,40.0,100.0,2.496,0.439,V_OUT,180.0,130.141,20.256
R1270,R600,R1270/R600,0.5,40.0,100.0,2.496,0.439,V_OUT,190.0,136.079,20.256
R1270,R600,R1270/R600,0.5,40.0,100.0,2.496,0.439,V_OUT,200.0,142.017,20.256
R1270,R600,R1270/R600,0.5,50.0,100.0,2.716,0.407,V_OUT,100.0,77.069,19.593
R1270,R600,R1270/R600,0.5,50.0,100.0,2.716,0.407,V_OUT,110.0,82.526,19.593
R1270,R600,R1270/R600,0.5,50.0,100.0,2.716,0.407,V_OUT,120.0,87.983,19.593
R1270,R600,R1270/R600,0.5,50.0,100.0,2.716,0.407,V_OUT,130.0,93.439,19.593
R1270,R600,R1270/R600,0.5,50.0,100.0,2.716,0.407,V_OUT,140.0,98.896,19.593
R1270,R600,R1270/R600,0.5,50.0,100.0,2.716,0.407,V_OUT,150.0,104.353,19.593
R1270,R600,R1270/R600,0.5,50.0,100.0,2.716,0.407,V_OUT,160.0,109.81,19.593
R1270,R600,R1270/R600,0.5,50.0,100.0,2.716,0.407,V_OUT,170.0,115.266,19.593
R1270,R600,R1270/R600,0.5,50.0,100.0,2.716,0.407,V_OUT,180.0,120.723,19.593
R1270,R600,R1270/R600,0.5,50.0,100.0,2.716,0.407,V_OUT,190.0,126.18,19.593
R1270,R600,R1270/R600,0.5,50.0,100.0,2.716,0.407,V_OUT,200.0,131.637,19.593
R1270,R600a,R1270/R600a,0.3,20.0,100.0,2.069,0.47,V_OUT,100.0,98.678,23.534
R1270,R600a,R1270/R600a,0.3,20.0,100.0,2.069,0.47,V_OUT,110.0,105.843,23.534
R1270,R600a,R1270/R600a,0.3,20.0,100.0,2.069,0.47,V_OUT,120.0,113.008,23.534
R1270,R600a,R1270/R600a,0.3,20.0,100.0,2.069,0.47,V_OUT,130.0,120.173,23.534
R1270,R600a,R1270/R600a,0.3,20.0,100.0,2.069,0.47,V_OUT,140.0,127.338,23.534
R1270,R600a,R1270/R600a,0.3,20.0,100.0,2.069,0.47,V_OUT,150.0,134.503,23.534
R1270,R600a,R1270/R600a,0.3,20.0,100.0,2.069,0.47,V_OUT,160.0,141.668,23.534
R1270,R600a,R1270/R600a,0.3,20.0,100.0,2.069,0.47,V_OUT,170.0,148.833,23.534
R1270,R600a,R1270/R600a,0.3,20.0,100.0,2.069,0.47,V_OUT,180.0,155.998,23.534
R1270,R600a,R1270/R600a,0.3,20.0,100.0,2.069,0.47,V_OUT,190.0,163.163,23.534
R1270,R600a,R1270/R600a,0.3,20.0,100.0,2.069,0.47,V_OUT,200.0,170.328,23.534
R1270,R600a,R1270/R600a,0.3,30.0,100.0,2.268,0.457,V_OUT,100.0,90.598,21.994
R1270,R600a,R1270/R600a,0.3,30.0,100.0,2.268,0.457,V_OUT,110.0,97.132,21.994
R1270,R600a,R1270/R600a,0.3,30.0,100.0,2.268,0.457,V_OUT,120.0,103.666,21.994
R1270,R600a,R1270/R600a,0.3,30.0,100.0,2.268,0.457,V_OUT,130.0,110.199,21.994
R1270,R600a,R1270/R600a,0.3,30.0,100.0,2.268,0.457,V_OUT,140.0,116.733,21.994
R1270,R600a,R1270/R600a,0.3,30.0,100.0,2.268,0.457,V_OUT,150.0,123.267,21.994
R1270,R600a,R1270/R600a,0.3,30.0,100.0,2.268,0.457,V_OUT,160.0,129.801,21.994
R1270,R600a,R1270/R600a,0.3,30.0,100.0,2.268,0.457,V_OUT,170.0,136.335,21.994
R1270,R600a,R1270/R600a,0.3,30.0,100.0,2.268,0.457,V_OUT,180.0,142.869,21.994
R1270,R600a,R1270/R600a,0.3,30.0,100.0,2.268,0.457,V_OUT,190.0,149.403,21.994
R1270,R600a,R1270/R600a,0.3,30.0,100.0,2.268,0.457,V_OUT,200.0,155.937,21.994
R1270,R600a,R1270/R600a,0.3,40.0,100.0,2.501,0.44,V_OUT,100.0,83.183,20.825
R1270,R600a,R1270/R600a,0.3,40.0,100.0,2.501,0.44,V_OUT,110.0,89.109,20.825
R1270,R600a,R1270/R600a,0.3,40.0,100.0,2.501,0.44,V_OUT,120.0,95.036,20.825
R1270,R600a,R1270/R600a,0.3,40.0,100.0,2.501,0.44,V_OUT,130.0,100.963,20.825
R1270,R600a,R1270/R600a,0.3,40.0,100.0,2.501,0.44,V_OUT,140.0,106.889,20.825
R1270,R600a,R1270/R600a,0.3,40.0,100.0,2.501,0.44,V_OUT,150.0,112.816,20.825
R1270,R600a,R1270/R600a,0.3,40.0,100.0,2.501,0.44,V_OUT,160.0,118.743,20.825
R1270,R600a,R1270/R600a,0.3,40.0,100.0,2.501,0.44,V_OUT,170.0,124.669,20.825
R1270,R600a,R1270/R600a,0.3,40.0,100.0,2.501,0.44,V_OUT,180.0,130.596,20.825
R1270,R600a,R1270/R600a,0.3,40.0,100.0,2.501,0.44,V_OUT,190.0,136.522,20.825
R1270,R600a,R1270/R600a,0.3,40.0,100.0,2.501,0.44,V_OUT,200.0,142.449,20.825
R1270,R600a,R1270/R600a,0.3,50.0,100.0,2.77,0.415,V_OUT,100.0,76.409,19.944
R1270,R600a,R1270/R600a,0.3,50.0,100.0,2.77,0.415,V_OUT,110.0,81.76,19.944
R1270,R600a,R1270/R600a,0.3,50.0,100.0,2.77,0.415,V_OUT,120.0,87.11,19.944
R1270,R600a,R1270/R600a,0.3,50.0,100.0,2.77,0.415,V_OUT,130.0,92.461,19.944
R1270,R600a,R1270/R600a,0.3,50.0,100.0,2.77,0.415,V_OUT,140.0,97.811,19.944
R1270,R600a,R1270/R600a,0.3,50.0,100.0,2.77,0.415,V_OUT,150.0,103.162,19.944
R1270,R600a,R1270/R600a,0.3,50.0,100.0,2.77,0.415,V_OUT,160.0,108.512,19.944
R1270,R600a,R1270/R600a,0.3,50.0,100.0,2.77,0.415,V_OUT,170.0,113.863,19.944
R1270,R600a,R1270/R600a,0.3,50.0,100.0,2.77,0.415,V_OUT,180.0,119.213,19.944
R1270,R600a,R1270/R600a,0.3,50.0,100.0,2.77,0.415,V_OUT,190.0,124.564,19.944
R1270,R600a,R1270/R600a,0.3,50.0,100.0,2.77,0.415,V_OUT,200.0,129.914,19.944
R1270,R600a,R1270/R600a,0.3,60.0,100.0,3.078,0.381,V_OUT,100.0,70.358,19.328
R1270,R600a,R1270/R600a,0.3,60.0,100.0,3.078,0.381,V_OUT,110.0,75.174,19.328
R1270,R600a,R1270/R600a,0.3,60.0,100.0,3.078,0.381,V_OUT,120.0,79.99,19.328
R1270,R600a,R1270/R600a,0.3,60.0,100.0,3.078,0.381,V_OUT,130.0,84.807,19.328
R1270,R600a,R1270/R600a,0.3,60.0,100.0,3.078,0.381,V_OUT,140.0,89.623,19.328
R1270,R600a,R1270/R600a,0.3,60.0,100.0,3.078,0.381,V_OUT,150.0,94.439,19.328
R1270,R600a,R1270/R600a,0.3,60.0,100.0,3.078,0.381,V_OUT,160.0,99.255,19.328
R1270,R600a,R1270/R600a,0.3,60.0,100.0,3.078,0.381,V_OUT,170.0,104.071,19.328
R1270,R600a,R1270/R600a,0.3,60.0,100.0,3.078,0.381,V_OUT,180.0,108.887,19.328
R1270,R600a,R1270/R600a,0.3,60.0,100.0,3.078,0.381,V_OUT,190.0,113.703,19.328
R1270,R600a,R1270/R600a,0.3,60.0,100.0,3.078,0.381,V_OUT,200.0,118.519,19.328
R1270,R600a,R1270/R600a,0.4,20.0,100.0,2.096,0.477,V_OUT,100.0,96.581,22.521
R1270,R600a,R1270/R600a,0.4,20.0,100.0,2.096,0.477,V_OUT,110.0,103.653,22.521
R1270,R600a,R1270/R600a,0.4,20.0,100.0,2.096,0.477,V_OUT,120.0,110.725,22.521
R1270,R600a,R1270/R600a,0.4,20.0,100.0,2.096,0.477,V_OUT,130.0,117.797,22.521
R1270,R600a,R1270/R600a,0.4,20.0,100.0,2.096,0.477,V_OUT,140.0,124.868,22.521
R1270,R600a,R1270/R600a,0.4,20.0,100.0,2.096,0.477,V_OUT,150.0,131.94,22.521
R1270,R600a,R1270/R600a,0.4,20.0,100.0,2.096,0.477,V_OUT,160.0,139.012,22.521
R1270,R600a,R1270/R600a,0.4,20.0,100.0,2.096,0.477,V_OUT,170.0,146.083,22.521
R1270,R600a,R1270/R600a,0.4,20.0,100.0,2.096,0.477,V_OUT,180.0,153.155,22.521
R1270,R600a,R1270/R600a,0.4,20.0,100.0,2.096,0.477,V_OUT,190.0,160.227,22.521
R1270,R600a,R1270/R600a,0.4,20.0,100.0,2.096,0.477,V_OUT,200.0,167.299,22.521
R1270,R600a,R1270/R600a,0.4,30.0,100.0,2.28,0.46,V_OUT,100.0,89.478,21.307
R1270,R600a,R1270/R600a,0.4,30.0,100.0,2.28,0.46,V_OUT,110.0,95.979,21.307
R1270,R600a,R1270/R600a,0.4,30.0,100.0,2.28,0.46,V_OUT,120.0,102.479,21.307
R1270,R600a,R1270/R600a,0.4,30.0,100.0,2.28,0.46,V_OUT,130.0,108.98,21.307
R1270,R600a,R1270/R600a,0.4,30.0,100.0,2.28,0.46,V_OUT,140.0,115.481,21.307
R1270,R600a,R1270/R600a,0.4,30.0,100.0,2.28,0.46,V_OUT,150.0,121.982,21.307
R1270,R600a,R1270/R600a,0.4,30.0,100.0,2.28,0.46,V_OUT,160.0,128.483,21.307
R1270,R600a,R1270/R600a,0.4,30.0,100.0,2.28,0.46,V_OUT,170.0,134.983,21.307
R1270,R600a,R1270/R600a,0.4,30.0,100.0,2.28,0.46,V_OUT,180.0,141.484,21.307
R1270,R600a,R1270/R600a,0.4,30.0,100.0,2.28,0.46,V_OUT,190.0,147.985,21.307
R1270,R600a,R1270/R600a,0.4,30.0,100.0,2.28,0.46,V_OUT,200.0,154.486,21.307
R1270,R600a,R1270/R600a,0.4,40.0,100.0,2.492,0.438,V_OUT,100.0,82.864,20.374
R1270,R600a,R1270/R600a,0.4,40.0,100.0,2.492,0.438,V_OUT,110.0,88.81,20.374
R1270,R600a,R1270/R600a,0.4,40.0,100.0,2.492,0.438,V_OUT,120.0,94.757,20.374
R1270,R600a,R1270/R600a,0.4,40.0,100.0,2.492,0.438,V_OUT,130.0,100.703,20.374
R1270,R600a,R1270/R600a,0.4,40.0,100.0,2.492,0.438,V_OUT,140.0,106.65,20.374
R1270,R600a,R1270/R600a,0.4,40.0,100.0,2.492,0.438,V_OUT,150.0,112.597,20.374
R1270,R600a,R1270/R600a,0.4,40.0,100.0,2.492,0.438,V_OUT,160.0,118.543,20.374
R1270,R600a,R1270/R600a,0.4,40.0,100.0,2.492,0.438,V_OUT,170.0,124.49,20.374
R1270,R600a,R1270/R600a,0.4,40.0,100.0,2.492,0.438,V_OUT,180.0,130.436,20.374
R1270,R600a,R1270/R600a,0.4,40.0,100.0,2.492,0.438,V_OUT,190.0,136.383,20.374
R1270,R600a,R1270/R600a,0.4,40.0,100.0,2.492,0.438,V_OUT,200.0,142.329,20.374
R1270,R600a,R1270/R600a,0.4,50.0,100.0,2.737,0.41,V_OUT,100.0,76.757,19.68
R1270,R600a,R1270/R600a,0.4,50.0,100.0,2.737,0.41,V_OUT,110.0,82.173,19.68
R1270,R600a,R1270/R600a,0.4,50.0,100.0,2.737,0.41,V_OUT,120.0,87.589,19.68
R1270,R600a,R1270/R600a,0.4,50.0,100.0,2.737,0.41,V_OUT,130.0,93.004,19.68
R1270,R600a,R1270/R600a,0.4,50.0,100.0,2.737,0.41,V_OUT,140.0,98.42,19.68
R1270,R600a,R1270/R600a,0.4,50.0,100.0,2.737,0.41,V_OUT,150.0,103.835,19.68
R1270,R600a,R1270/R600a,0.4,50.0,100.0,2.737,0.41,V_OUT,160.0,109.251,19.68
R1270,R600a,R1270/R600a,0.4,50.0,100.0,2.737,0.41,V_OUT,170.0,114.667,19.68
R1270,R600a,R1270/R600a,0.4,50.0,100.0,2.737,0.41,V_OUT,180.0,120.082,19.68
R1270,R600a,R1270/R600a,0.4,50.0,100.0,2.737,0.41,V_OUT,190.0,125.498,19.68
R1270,R600a,R1270/R600a,0.4,50.0,100.0,2.737,0.41,V_OUT,200.0,130.914,19.68
R1270,R600a,R1270/R600a,0.4,60.0,100.0,3.014,0.373,V_OUT,100.0,71.272,19.24
R1270,R600a,R1270/R600a,0.4,60.0,100.0,3.014,0.373,V_OUT,110.0,76.189,19.24
R1270,R600a,R1270/R600a,0.4,60.0,100.0,3.014,0.373,V_OUT,120.0,81.107,19.24
R1270,R600a,R1270/R600a,0.4,60.0,100.0,3.014,0.373,V_OUT,130.0,86.025,19.24
R1270,R600a,R1270/R600a,0.4,60.0,100.0,3.014,0.373,V_OUT,140.0,90.942,19.24
R1270,R600a,R1270/R600a,0.4,60.0,100.0,3.014,0.373,V_OUT,150.0,95.86,19.24
R1270,R600a,R1270/R600a,0.4,60.0,100.0,3.014,0.373,V_OUT,160.0,100.778,19.24
R1270,R600a,R1270/R600a,0.4,60.0,100.0,3.014,0.373,V_OUT,170.0,105.695,19.24
R1270,R600a,R1270/R600a,0.4,60.0,100.0,3.014,0.373,V_OUT,180.0,110.613,19.24
R1270,R600a,R1270/R600a,0.4,60.0,100.0,3.014,0.373,V_OUT,190.0,115.53,19.24
R1270,R600a,R1270/R600a,0.4,60.0,100.0,3.014,0.373,V_OUT,200.0,120.448,19.24
R1270,R600a,R1270/R600a,0.5,20.0,100.0,2.085,0.474,V_OUT,100.0,96.358,21.991
R1270,R600a,R1270/R600a,0.5,20.0,100.0,2.085,0.474,V_OUT,110.0,103.468,21.991
R1270,R600a,R1270/R600a,0.5,20.0,100.0,2.085,0.474,V_OUT,120.0,110.578,21.991
R1270,R600a,R1270/R600a,0.5,20.0,100.0,2.085,0.474,V_OUT,130.0,117.688,21.991
R1270,R600a,R1270/R600a,0.5,20.0,100.0,2.085,0.474,V_OUT,140.0,124.798,21.991
R1270,R600a,R1270/R600a,0.5,20.0,100.0,2.085,0.474,V_OUT,150.0,131.908,21.991
R1270,R600a,R1270/R600a,0.5,20.0,100.0,2.085,0.474,V_OUT,160.0,139.019,21.991
R1270,R600a,R1270/R600a,0.5,20.0,100.0,2.085,0.474,V_OUT,170.0,146.129,21.991
R1270,R600a,R1270/R600a,0.5,20.0,100.0,2.085,0.474,V_OUT,180.0,153.239,21.991
R1270,R600a,R1270/R600a,0.5,20.0,100.0,2.085,0.474,V_OUT,190.0,160.349,21.991
R1270,R600a,R1270/R600a,0.5,20.0,100.0,2.085,0.474,V_OUT,200.0,167.459,21.991
R1270,R600a,R1270/R600a,0.5,30.0,100.0,2.252,0.454,V_OUT,100.0,89.833,20.926
R1270,R600a,R1270/R600a,0.5,30.0,100.0,2.252,0.454,V_OUT,110.0,96.414,20.926
R1270,R600a,R1270/R600a,0.5,30.0,100.0,2.252,0.454,V_OUT,120.0,102.994,20.926
R1270,R600a,R1270/R600a,0.5,30.0,100.0,2.252,0.454,V_OUT,130.0,109.574,20.926
R1270,R600a,R1270/R600a,0.5,30.0,100.0,2.252,0.454,V_OUT,140.0,116.154,20.926
R1270,R600a,R1270/R600a,0.5,30.0,100.0,2.252,0.454,V_OUT,150.0,122.734,20.926
R1270,R600a,R1270/R600a,0.5,30.0,100.0,2.252,0.454,V_OUT,160.0,129.314,20.926
R1270,R600a,R1270/R600a,0.5,30.0,100.0,2.252,0.454,V_OUT,170.0,135.895,20.926
R1270,R600a,R1270/R600a,0.5,30.0,100.0,2.252,0.454,V_OUT,180.0,142.475,20.926
R1270,R600a,R1270/R600a,0.5,30.0,100.0,2.252,0.454,V_OUT,190.0,149.055,20.926
R1270,R600a,R1270/R600a,0.5,30.0,100.0,2.252,0.454,V_OUT,200.0,155.635,20.926
R1270,R600a,R1270/R600a,0.5,40.0,100.0,2.445,0.429,V_OUT,100.0,83.728,20.129
R1270,R600a,R1270/R600a,0.5,40.0,100.0,2.445,0.429,V_OUT,110.0,89.789,20.129
R1270,R600a,R1270/R600a,0.5,40.0,100.0,2.445,0.429,V_OUT,120.0,95.85,20.129
R1270,R600a,R1270/R600a,0.5,40.0,100.0,2.445,0.429,V_OUT,130.0,101.911,20.129
R1270,R600a,R1270/R600a,0.5,40.0,100.0,2.445,0.429,V_OUT,140.0,107.972,20.129
R1270,R600a,R1270/R600a,0.5,40.0,100.0,2.445,0.429,V_OUT,150.0,114.034,20.129
R1270,R600a,R1270/R600a,0.5,40.0,100.0,2.445,0.429,V_OUT,160.0,120.095,20.129
R1270,R600a,R1270/R600a,0.5,40.0,100.0,2.445,0.429,V_OUT,170.0,126.156,20.129
R1270,R600a,R1270/R600a,0.5,40.0,100.0,2.445,0.429,V_OUT,180.0,132.217,20.129
R1270,R600a,R1270/R600a,0.5,40.0,100.0,2.445,0.429,V_OUT,190.0,138.278,20.129
R1270,R600a,R1270/R600a,0.5,40.0,100.0,2.445,0.429,V_OUT,200.0,144.339,20.129
R1270,R600a,R1270/R600a,0.5,50.0,100.0,2.666,0.399,V_OUT,100.0,78.066,19.572
R1270,R600a,R1270/R600a,0.5,50.0,100.0,2.666,0.399,V_OUT,110.0,83.625,19.572
R1270,R600a,R1270/R600a,0.5,50.0,100.0,2.666,0.399,V_OUT,120.0,89.184,19.572
R1270,R600a,R1270/R600a,0.5,50.0,100.0,2.666,0.399,V_OUT,130.0,94.743,19.572
R1270,R600a,R1270/R600a,0.5,50.0,100.0,2.666,0.399,V_OUT,140.0,100.302,19.572
R1270,R600a,R1270/R600a,0.5,50.0,100.0,2.666,0.399,V_OUT,150.0,105.861,19.572
R1270,R600a,R1270/R600a,0.5,50.0,100.0,2.666,0.399,V_OUT,160.0,111.42,19.572
R1270,R600a,R1270/R600a,0.5,50.0,100.0,2.666,0.399,V_OUT,170.0,116.979,19.572
R1270,R600a,R1270/R600a,0.5,50.0,100.0,2.666,0.399,V_OUT,180.0,122.538,19.572
R1270,R600a,R1270/R600a,0.5,50.0,100.0,2.666,0.399,V_OUT,190.0,128.097,19.572
R1270,R600a,R1270/R600a,0.5,50.0,100.0,2.666,0.399,V_OUT,200.0,133.655,19.572
R290,R600,R290/R600,0.3,20.0,100.0,2.166,0.494,V_OUT,100.0,97.852,25.61
R290,R600,R290/R600,0.3,20.0,100.0,2.166,0.494,V_OUT,110.0,104.696,25.61
R290,R600,R290/R600,0.3,20.0,100.0,2.166,0.494,V_OUT,120.0,111.54,25.61
R290,R600,R290/R600,0.3,20.0,100.0,2.166,0.494,V_OUT,130.0,118.384,25.61
R290,R600,R290/R600,0.3,20.0,100.0,2.166,0.494,V_OUT,140.0,125.229,25.61
R290,R600,R290/R600,0.3,20.0,100.0,2.166,0.494,V_OUT,150.0,132.073,25.61
R290,R600,R290/R600,0.3,20.0,100.0,2.166,0.494,V_OUT,160.0,138.917,25.61
R290,R600,R290/R600,0.3,20.0,100.0,2.166,0.494,V_OUT,170.0,145.761,25.61
R290,R600,R290/R600,0.3,20.0,100.0,2.166,0.494,V_OUT,180.0,152.605,25.61
R290,R600,R290/R600,0.3,20.0,100.0,2.166,0.494,V_OUT,190.0,159.449,25.61
R290,R600,R290/R600,0.3,20.0,100.0,2.166,0.494,V_OUT,200.0,166.293,25.61
R290,R600,R290/R600,0.3,30.0,100.0,2.369,0.479,V_OUT,100.0,89.713,23.648
R290,R600,R290/R600,0.3,30.0,100.0,2.369,0.479,V_OUT,110.0,95.968,23.648
R290,R600,R290/R600,0.3,30.0,100.0,2.369,0.479,V_OUT,120.0,102.224,23.648
R290,R600,R290/R600,0.3,30.0,100.0,2.369,0.479,V_OUT,130.0,108.479,23.648
R290,R600,R290/R600,0.3,30.0,100.0,2.369,0.479,V_OUT,140.0,114.734,23.648
R290,R600,R290/R600,0.3,30.0,100.0,2.369,0.479,V_OUT,150.0,120.99,23.648
R290,R600,R290/R600,0.3,30.0,100.0,2.369,0.479,V_OUT,160.0,127.245,23.648
R290,R600,R290/R600,0.3,30.0,100.0,2.369,0.479,V_OUT,170.0,133.501,23.648
R290,R600,R290/R600,0.3,30.0,100.0,2.369,0.479,V_OUT,180.0,139.756,23.648
R290,R600,R290/R600,0.3,30.0,100.0,2.369,0.479,V_OUT,190.0,146.012,23.648
R290,R600,R290/R600,0.3,30.0,100.0,2.369,0.479,V_OUT,200.0,152.267,23.648
R290,R600,R290/R600,0.3,40.0,100.0,2.608,0.459,V_OUT,100.0,82.281,22.153
R290,R600,R290/R600,0.3,40.0,100.0,2.608,0.459,V_OUT,110.0,87.965,22.153
R290,R600,R290/R600,0.3,40.0,100.0,2.608,0.459,V_OUT,120.0,93.649,22.153
R290,R600,R290/R600,0.3,40.0,100.0,2.608,0.459,V_OUT,130.0,99.333,22.153
R290,R600,R290/R600,0.3,40.0,100.0,2.608,0.459,V_OUT,140.0,105.017,22.153
R290,R600,R290/R600,0.3,40.0,100.0,2.608,0.459,V_OUT,150.0,110.701,22.153
R290,R600,R290/R600,0.3,40.0,100.0,2.608,0.459,V_OUT,160.0,116.385,22.153
R290,R600,R290/R600,0.3,40.0,100.0,2.608,0.459,V_OUT,170.0,122.069,22.153
R290,R600,R290/R600,0.3,40.0,100.0,2.608,0.459,V_OUT,180.0,127.753,22.153
R290,R600,R290/R600,0.3,40.0,100.0,2.608,0.459,V_OUT,190.0,133.437,22.153
R290,R600,R290/R600,0.3,40.0,100.0,2.608,0.459,V_OUT,200.0,139.121,22.153
R290,R600,R290/R600,0.3,50.0,100.0,2.887,0.433,V_OUT,100.0,75.458,20.995
R290,R600,R290/R600,0.3,50.0,100.0,2.887,0.433,V_OUT,110.0,80.593,20.995
R290,R600,R290/R600,0.3,50.0,100.0,2.887,0.433,V_OUT,120.0,85.728,20.995
R290,R600,R290/R600,0.3,50.0,100.0,2.887,0.433,V_OUT,130.0,90.863,20.995
R290,R600,R290/R600,0.3,50.0,100.0,2.887,0.433,V_OUT,140.0,95.997,20.995
R290,R600,R290/R600,0.3,50.0,100.0,2.887,0.433,V_OUT,150.0,101.132,20.995
R290,R600,R290/R600,0.3,50.0,100.0,2.887,0.433,V_OUT,160.0,106.267,20.995
R290,R600,R290/R600,0.3,50.0,100.0,2.887,0.433,V_OUT,170.0,111.401,20.995
R290,R600,R290/R600,0.3,50.0,100.0,2.887,0.433,V_OUT,180.0,116.536,20.995
R290,R600,R290/R600,0.3,50.0,100.0,2.887,0.433,V_OUT,190.0,121.671,20.995
R290,R600,R290/R600,0.3,50.0,100.0,2.887,0.433,V_OUT,200.0,126.806,20.995
R290,R600,R290/R600,0.3,60.0,100.0,3.212,0.399,V_OUT,100.0,69.243,20.11
R290,R600,R290/R600,0.3,60.0,100.0,3.212,0.399,V_OUT,110.0,73.858,20.11
R290,R600,R290/R600,0.3,60.0,100.0,3.212,0.399,V_OUT,120.0,78.473,20.11
R290,R600,R290/R600,0.3,60.0,100.0,3.212,0.399,V_OUT,130.0,83.087,20.11
R290,R600,R290/R600,0.3,60.0,100.0,3.212,0.399,V_OUT,140.0,87.702,20.11
R290,R600,R290/R600,0.3,60.0,100.0,3.212,0.399,V_OUT,150.0,92.317,20.11
R290,R600,R290/R600,0.3,60.0,100.0,3.212,0.399,V_OUT,160.0,96.932,20.11
R290,R600,R290/R600,0.3,60.0,100.0,3.212,0.399,V_OUT,170.0,101.547,20.11
R290,R600,R290/R600,0.3,60.0,100.0,3.212,0.399,V_OUT,180.0,106.161,20.11
R290,R600,R290/R600,0.3,60.0,100.0,3.212,0.399,V_OUT,190.0,110.776,20.11
R290,R600,R290/R600,0.3,60.0,100.0,3.212,0.399,V_OUT,200.0,115.391,20.11
R290,R600,R290/R600,0.4,20.0,100.0,2.173,0.495,V_OUT,100.0,96.323,24.47
R290,R600,R290/R600,0.4,20.0,100.0,2.173,0.495,V_OUT,110.0,103.145,24.47
R290,R600,R290/R600,0.4,20.0,100.0,2.173,0.495,V_OUT,120.0,109.967,24.47
R290,R600,R290/R600,0.4,20.0,100.0,2.173,0.495,V_OUT,130.0,116.789,24.47
R290,R600,R290/R600,0.4,20.0,100.0,2.173,0.495,V_OUT,140.0,123.611,24.47
R290,R600,R290/R600,0.4,20.0,100.0,2.173,0.495,V_OUT,150.0,130.433,24.47
R290,R600,R290/R600,0.4,20.0,100.0,2.173,0.495,V_OUT,160.0,137.255,24.47
R290,R600,R290/R600,0.4,20.0,100.0,2.173,0.495,V_OUT,170.0,144.077,24.47
R290,R600,R290/R600,0.4,20.0,100.0,2.173,0.495,V_OUT,180.0,150.899,24.47
R290,R600,R290/R600,0.4,20.0,100.0,2.173,0.495,V_OUT,190.0,157.721,24.47
R290,R600,R290/R600,0.4,20.0,100.0,2.173,0.495,V_OUT,200.0,164.543,24.47
R290,R600,R290/R600,0.4,30.0,100.0,2.362,0.477,V_OUT,100.0,89.044,22.894
R290,R600,R290/R600,0.4,30.0,100.0,2.362,0.477,V_OUT,110.0,95.319,22.894
R290,R600,R290/R600,0.4,30.0,100.0,2.362,0.477,V_OUT,120.0,101.595,22.894
R290,R600,R290/R600,0.4,30.0,100.0,2.362,0.477,V_OUT,130.0,107.87,22.894
R290,R600,R290/R600,0.4,30.0,100.0,2.362,0.477,V_OUT,140.0,114.145,22.894
R290,R600,R290/R600,0.4,30.0,100.0,2.362,0.477,V_OUT,150.0,120.42,22.894
R290,R600,R290/R600,0.4,30.0,100.0,2.362,0.477,V_OUT,160.0,126.695,22.894
R290,R600,R290/R600,0.4,30.0,100.0,2.362,0.477,V_OUT,170.0,132.97,22.894
R290,R600,R290/R600,0.4,30.0,100.0,2.362,0.477,V_OUT,180.0,139.246,22.894
R290,R600,R290/R600,0.4,30.0,100.0,2.362,0.477,V_OUT,190.0,145.521,22.894
R290,R600,R290/R600,0.4,30.0,100.0,2.362,0.477,V_OUT,200.0,151.796,22.894
R290,R600,R290/R600,0.4,40.0,100.0,2.583,0.455,V_OUT,100.0,82.267,21.662
R290,R600,R290/R600,0.4,40.0,100.0,2.583,0.455,V_OUT,110.0,88.006,21.662
R290,R600,R290/R600,0.4,40.0,100.0,2.583,0.455,V_OUT,120.0,93.745,21.662
R290,R600,R290/R600,0.4,40.0,100.0,2.583,0.455,V_OUT,130.0,99.484,21.662
R290,R600,R290/R600,0.4,40.0,100.0,2.583,0.455,V_OUT,140.0,105.223,21.662
R290,R600,R290/R600,0.4,40.0,100.0,2.583,0.455,V_OUT,150.0,110.962,21.662
R290,R600,R290/R600,0.4,40.0,100.0,2.583,0.455,V_OUT,160.0,116.701,21.662
R290,R600,R290/R600,0.4,40.0,100.0,2.583,0.455,V_OUT,170.0,122.44,21.662
R290,R600,R290/R600,0.4,40.0,100.0,2.583,0.455,V_OUT,180.0,128.179,21.662
R290,R600,R290/R600,0.4,40.0,100.0,2.583,0.455,V_OUT,190.0,133.918,21.662
R290,R600,R290/R600,0.4,40.0,100.0,2.583,0.455,V_OUT,200.0,139.657,21.662
R290,R600,R290/R600,0.4,50.0,100.0,2.84,0.426,V_OUT,100.0,75.949,20.697
R290,R600,R290/R600,0.4,50.0,100.0,2.84,0.426,V_OUT,110.0,81.167,20.697
R290,R600,R290/R600,0.4,50.0,100.0,2.84,0.426,V_OUT,120.0,86.385,20.697
R290,R600,R290/R600,0.4,50.0,100.0,2.84,0.426,V_OUT,130.0,91.603,20.697
R290,R600,R290/R600,0.4,50.0,100.0,2.84,0.426,V_OUT,140.0,96.821,20.697
R290,R600,R290/R600,0.4,50.0,100.0,2.84,0.426,V_OUT,150.0,102.039,20.697
R290,R600,R290/R600,0.4,50.0,100.0,2.84,0.426,V_OUT,160.0,107.257,20.697
R290,R600,R290/R600,0.4,50.0,100.0,2.84,0.426,V_OUT,170.0,112.475,20.697
R290,R600,R290/R600,0.4,50.0,100.0,2.84,0.426,V_OUT,180.0,117.693,20.697
R290,R600,R290/R600,0.4,50.0,100.0,2.84,0.426,V_OUT,190.0,122.911,20.697
R290,R600,R290/R600,0.4,50.0,100.0,2.84,0.426,V_OUT,200.0,128.129,20.697
R290,R600,R290/R600,0.4,60.0,100.0,3.141,0.39,V_OUT,100.0,70.114,19.967
R290,R600,R290/R600,0.4,60.0,100.0,3.141,0.39,V_OUT,110.0,74.833,19.967
R290,R600,R290/R600,0.4,60.0,100.0,3.141,0.39,V_OUT,120.0,79.551,19.967
R290,R600,R290/R600,0.4,60.0,100.0,3.141,0.39,V_OUT,130.0,84.27,19.967
R290,R600,R290/R600,0.4,60.0,100.0,3.141,0.39,V_OUT,140.0,88.988,19.967
R290,R600,R290/R600,0.4,60.0,100.0,3.141,0.39,V_OUT,150.0,93.706,19.967
R290,R600,R290/R600,0.4,60.0,100.0,3.141,0.39,V_OUT,160.0,98.425,19.967
R290,R600,R290/R600,0.4,60.0,100.0,3.141,0.39,V_OUT,170.0,103.143,19.967
R290,R600,R290/R600,0.4,60.0,100.0,3.141,0.39,V_OUT,180.0,107.862,19.967
R290,R600,R290/R600,0.4,60.0,100.0,3.141,0.39,V_OUT,190.0,112.58,19.967
R290,R600,R290/R600,0.4,60.0,100.0,3.141,0.39,V_OUT,200.0,117.298,19.967
R290,R600,R290/R600,0.5,20.0,100.0,2.142,0.488,V_OUT,100.0,96.659,23.917
R290,R600,R290/R600,0.5,20.0,100.0,2.142,0.488,V_OUT,110.0,103.578,23.917
R290,R600,R290/R600,0.5,20.0,100.0,2.142,0.488,V_OUT,120.0,110.497,23.917
R290,R600,R290/R600,0.5,20.0,100.0,2.142,0.488,V_OUT,130.0,117.417,23.917
R290,R600,R290/R600,0.5,20.0,100.0,2.142,0.488,V_OUT,140.0,124.336,23.917
R290,R600,R290/R600,0.5,20.0,100.0,2.142,0.488,V_OUT,150.0,131.255,23.917
R290,R600,R290/R600,0.5,20.0,100.0,2.142,0.488,V_OUT,160.0,138.174,23.917
R290,R600,R290/R600,0.5,20.0,100.0,2.142,0.488,V_OUT,170.0,145.093,23.917
R290,R600,R290/R600,0.5,20.0,100.0,2.142,0.488,V_OUT,180.0,152.012,23.917
R290,R600,R290/R600,0.5,20.0,100.0,2.142,0.488,V_OUT,190.0,158.932,23.917
R290,R600,R290/R600,0.5,20.0,100.0,2.142,0.488,V_OUT,200.0,165.851,23.917
R290,R600,R290/R600,0.5,30.0,100.0,2.317,0.468,V_OUT,100.0,89.787,22.492
R290,R600,R290/R600,0.5,30.0,100.0,2.317,0.468,V_OUT,110.0,96.183,22.492
R290,R600,R290/R600,0.5,30.0,100.0,2.317,0.468,V_OUT,120.0,102.579,22.492
R290,R600,R290/R600,0.5,30.0,100.0,2.317,0.468,V_OUT,130.0,108.974,22.492
R290,R600,R290/R600,0.5,30.0,100.0,2.317,0.468,V_OUT,140.0,115.37,22.492
R290,R600,R290/R600,0.5,30.0,100.0,2.317,0.468,V_OUT,150.0,121.766,22.492
R290,R600,R290/R600,0.5,30.0,100.0,2.317,0.468,V_OUT,160.0,128.161,22.492
R290,R600,R290/R600,0.5,30.0,100.0,2.317,0.468,V_OUT,170.0,134.557,22.492
R290,R600,R290/R600,0.5,30.0,100.0,2.317,0.468,V_OUT,180.0,140.953,22.492
R290,R600,R290/R600,0.5,30.0,100.0,2.317,0.468,V_OUT,190.0,147.348,22.492
R290,R600,R290/R600,0.5,30.0,100.0,2.317,0.468,V_OUT,200.0,153.744,22.492
R290,R600,R290/R600,0.5,40.0,100.0,2.522,0.443,V_OUT,100.0,83.342,21.391
R290,R600,R290/R600,0.5,40.0,100.0,2.522,0.443,V_OUT,110.0,89.22,21.391
R290,R600,R290/R600,0.5,40.0,100.0,2.522,0.443,V_OUT,120.0,95.097,21.391
R290,R600,R290/R600,0.5,40.0,100.0,2.522,0.443,V_OUT,130.0,100.975,21.391
R290,R600,R290/R600,0.5,40.0,100.0,2.522,0.443,V_OUT,140.0,106.852,21.391
R290,R600,R290/R600,0.5,40.0,100.0,2.522,0.443,V_OUT,150.0,112.73,21.391
R290,R600,R290/R600,0.5,40.0,100.0,2.522,0.443,V_OUT,160.0,118.608,21.391
R290,R600,R290/R600,0.5,40.0,100.0,2.522,0.443,V_OUT,170.0,124.485,21.391
R290,R600,R290/R600,0.5,40.0,100.0,2.522,0.443,V_OUT,180.0,130.363,21.391
R290,R600,R290/R600,0.5,40.0,100.0,2.522,0.443,V_OUT,190.0,136.24,21.391
R290,R600,R290/R600,0.5,40.0,100.0,2.522,0.443,V_OUT,200.0,142.118,21.391
R290,R600,R290/R600,0.5,50.0,100.0,2.761,0.414,V_OUT,100.0,77.281,20.544
R290,R600,R290/R600,0.5,50.0,100.0,2.761,0.414,V_OUT,110.0,82.65,20.544
R290,R600,R290/R600,0.5,50.0,100.0,2.761,0.414,V_OUT,120.0,88.019,20.544
R290,R600,R290/R600,0.5,50.0,100.0,2.761,0.414,V_OUT,130.0,93.388,20.544
R290,R600,R290/R600,0.5,50.0,100.0,2.761,0.414,V_OUT,140.0,98.756,20.544
R290,R600,R290/R600,0.5,50.0,100.0,2.761,0.414,V_OUT,150.0,104.125,20.544
R290,R600,R290/R600,0.5,50.0,100.0,2.761,0.414,V_OUT,160.0,109.494,20.544
R290,R600,R290/R600,0.5,50.0,100.0,2.761,0.414,V_OUT,170.0,114.863,20.544
R290,R600,R290/R600,0.5,50.0,100.0,2.761,0.414,V_OUT,180.0,120.231,20.544
R290,R600,R290/R600,0.5,50.0,100.0,2.761,0.414,V_OUT,190.0,125.6,20.544
R290,R600,R290/R600,0.5,50.0,100.0,2.761,0.414,V_OUT,200.0,130.969,20.544
R290,R600,R290/R600,0.5,60.0,100.0,3.041,0.376,V_OUT,100.0,71.632,19.931
R290,R600,R290/R600,0.5,60.0,100.0,3.041,0.376,V_OUT,110.0,76.507,19.931
R290,R600,R290/R600,0.5,60.0,100.0,3.041,0.376,V_OUT,120.0,81.381,19.931
R290,R600,R290/R600,0.5,60.0,100.0,3.041,0.376,V_OUT,130.0,86.255,19.931
R290,R600,R290/R600,0.5,60.0,100.0,3.041,0.376,V_OUT,140.0,91.13,19.931
R290,R600,R290/R600,0.5,60.0,100.0,3.041,0.376,V_OUT,150.0,96.004,19.931
R290,R600,R290/R600,0.5,60.0,100.0,3.041,0.376,V_OUT,160.0,100.878,19.931
R290,R600,R290/R600,0.5,60.0,100.0,3.041,0.376,V_OUT,170.0,105.752,19.931
R290,R600,R290/R600,0.5,60.0,100.0,3.041,0.376,V_OUT,180.0,110.627,19.931
R290,R600,R290/R600,0.5,60.0,100.0,3.041,0.376,V_OUT,190.0,115.501,19.931
R290,R600,R290/R600,0.5,60.0,100.0,3.041,0.376,V_OUT,200.0,120.375,19.931
R290,R600a,R290/R600a,0.3,20.0,100.0,2.073,0.471,V_OUT,100.0,100.072,24.88
R290,R600a,R290/R600a,0.3,20.0,100.0,2.073,0.471,V_OUT,110.0,107.222,24.88
R290,R600a,R290/R600a,0.3,20.0,100.0,2.073,0.471,V_OUT,120.0,114.372,24.88
R290,R600a,R290/R600a,0.3,20.0,100.0,2.073,0.471,V_OUT,130.0,121.522,24.88
R290,R600a,R290/R600a,0.3,20.0,100.0,2.073,0.471,V_OUT,140.0,128.672,24.88
R290,R600a,R290/R600a,0.3,20.0,100.0,2.073,0.471,V_OUT,150.0,135.822,24.88
R290,R600a,R290/R600a,0.3,20.0,100.0,2.073,0.471,V_OUT,160.0,142.972,24.88
R290,R600a,R290/R600a,0.3,20.0,100.0,2.073,0.471,V_OUT,170.0,150.122,24.88
R290,R600a,R290/R600a,0.3,20.0,100.0,2.073,0.471,V_OUT,180.0,157.272,24.88
R290,R600a,R290/R600a,0.3,20.0,100.0,2.073,0.471,V_OUT,190.0,164.422,24.88
R290,R600a,R290/R600a,0.3,20.0,100.0,2.073,0.471,V_OUT,200.0,171.572,24.88
R290,R600a,R290/R600a,0.3,30.0,100.0,2.276,0.459,V_OUT,100.0,91.81,23.245
R290,R600a,R290/R600a,0.3,30.0,100.0,2.276,0.459,V_OUT,110.0,98.322,23.245
R290,R600a,R290/R600a,0.3,30.0,100.0,2.276,0.459,V_OUT,120.0,104.833,23.245
R290,R600a,R290/R600a,0.3,30.0,100.0,2.276,0.459,V_OUT,130.0,111.345,23.245
R290,R600a,R290/R600a,0.3,30.0,100.0,2.276,0.459,V_OUT,140.0,117.856,23.245
R290,R600a,R290/R600a,0.3,30.0,100.0,2.276,0.459,V_OUT,150.0,124.368,23.245
R290,R600a,R290/R600a,0.3,30.0,100.0,2.276,0.459,V_OUT,160.0,130.879,23.245
R290,R600a,R290/R600a,0.3,30.0,100.0,2.276,0.459,V_OUT,170.0,137.391,23.245
R290,R600a,R290/R600a,0.3,30.0,100.0,2.276,0.459,V_OUT,180.0,143.902,23.245
R290,R600a,R290/R600a,0.3,30.0,100.0,2.276,0.459,V_OUT,190.0,150.414,23.245
R290,R600a,R290/R600a,0.3,30.0,100.0,2.276,0.459,V_OUT,200.0,156.925,23.245
R290,R600a,R290/R600a,0.3,40.0,100.0,2.515,0.442,V_OUT,100.0,84.177,21.979
R290,R600a,R290/R600a,0.3,40.0,100.0,2.515,0.442,V_OUT,110.0,90.071,21.979
R290,R600a,R290/R600a,0.3,40.0,100.0,2.515,0.442,V_OUT,120.0,95.965,21.979
R290,R600a,R290/R600a,0.3,40.0,100.0,2.515,0.442,V_OUT,130.0,101.858,21.979
R290,R600a,R290/R600a,0.3,40.0,100.0,2.515,0.442,V_OUT,140.0,107.752,21.979
R290,R600a,R290/R600a,0.3,40.0,100.0,2.515,0.442,V_OUT,150.0,113.645,21.979
R290,R600a,R290/R600a,0.3,40.0,100.0,2.515,0.442,V_OUT,160.0,119.539,21.979
R290,R600a,R290/R600a,0.3,40.0,100.0,2.515,0.442,V_OUT,170.0,125.433,21.979
R290,R600a,R290/R600a,0.3,40.0,100.0,2.515,0.442,V_OUT,180.0,131.326,21.979
R290,R600a,R290/R600a,0.3,40.0,100.0,2.515,0.442,V_OUT,190.0,137.22,21.979
R290,R600a,R290/R600a,0.3,40.0,100.0,2.515,0.442,V_OUT,200.0,143.114,21.979
R290,R600a,R290/R600a,0.3,50.0,100.0,2.796,0.419,V_OUT,100.0,77.12,20.988
R290,R600a,R290/R600a,0.3,50.0,100.0,2.796,0.419,V_OUT,110.0,82.422,20.988
R290,R600a,R290/R600a,0.3,50.0,100.0,2.796,0.419,V_OUT,120.0,87.724,20.988
R290,R600a,R290/R600a,0.3,50.0,100.0,2.796,0.419,V_OUT,130.0,93.025,20.988
R290,R600a,R290/R600a,0.3,50.0,100.0,2.796,0.419,V_OUT,140.0,98.327,20.988
R290,R600a,R290/R600a,0.3,50.0,100.0,2.796,0.419,V_OUT,150.0,103.629,20.988
R290,R600a,R290/R600a,0.3,50.0,100.0,2.796,0.419,V_OUT,160.0,108.93,20.988
R290,R600a,R290/R600a,0.3,50.0,100.0,2.796,0.419,V_OUT,170.0,114.232,20.988
R290,R600a,R290/R600a,0.3,50.0,100.0,2.796,0.419,V_OUT,180.0,119.534,20.988
R290,R600a,R290/R600a,0.3,50.0,100.0,2.796,0.419,V_OUT,190.0,124.835,20.988
R290,R600a,R290/R600a,0.3,50.0,100.0,2.796,0.419,V_OUT,200.0,130.137,20.988
R290,R600a,R290/R600a,0.3,60.0,100.0,3.125,0.387,V_OUT,100.0,70.666,20.232
R290,R600a,R290/R600a,0.3,60.0,100.0,3.125,0.387,V_OUT,110.0,75.409,20.232
R290,R600a,R290/R600a,0.3,60.0,100.0,3.125,0.387,V_OUT,120.0,80.152,20.232
R290,R600a,R290/R600a,0.3,60.0,100.0,3.125,0.387,V_OUT,130.0,84.895,20.232
R290,R600a,R290/R600a,0.3,60.0,100.0,3.125,0.387,V_OUT,140.0,89.639,20.232
R290,R600a,R290/R600a,0.3,60.0,100.0,3.125,0.387,V_OUT,150.0,94.382,20.232
R290,R600a,R290/R600a,0.3,60.0,100.0,3.125,0.387,V_OUT,160.0,99.125,20.232
R290,R600a,R290/R600a,0.3,60.0,100.0,3.125,0.387,V_OUT,170.0,103.868,20.232
R290,R600a,R290/R600a,0.3,60.0,100.0,3.125,0.387,V_OUT,180.0,108.611,20.232
R290,R600a,R290/R600a,0.3,60.0,100.0,3.125,0.387,V_OUT,190.0,113.354,20.232
R290,R600a,R290/R600a,0.3,60.0,100.0,3.125,0.387,V_OUT,200.0,118.097,20.232
R290,R600a,R290/R600a,0.4,20.0,100.0,2.101,0.478,V_OUT,100.0,98.084,23.988
R290,R600a,R290/R600a,0.4,20.0,100.0,2.101,0.478,V_OUT,110.0,105.138,23.988
R290,R600a,R290/R600a,0.4,20.0,100.0,2.101,0.478,V_OUT,120.0,112.192,23.988
R290,R600a,R290/R600a,0.4,20.0,100.0,2.101,0.478,V_OUT,130.0,119.245,23.988
R290,R600a,R290/R600a,0.4,20.0,100.0,2.101,0.478,V_OUT,140.0,126.299,23.988
R290,R600a,R290/R600a,0.4,20.0,100.0,2.101,0.478,V_OUT,150.0,133.353,23.988
R290,R600a,R290/R600a,0.4,20.0,100.0,2.101,0.478,V_OUT,160.0,140.406,23.988
R290,R600a,R290/R600a,0.4,20.0,100.0,2.101,0.478,V_OUT,170.0,147.46,23.988
R290,R600a,R290/R600a,0.4,20.0,100.0,2.101,0.478,V_OUT,180.0,154.513,23.988
R290,R600a,R290/R600a,0.4,20.0,100.0,2.101,0.478,V_OUT,190.0,161.567,23.988
R290,R600a,R290/R600a,0.4,20.0,100.0,2.101,0.478,V_OUT,200.0,168.621,23.988
R290,R600a,R290/R600a,0.4,30.0,100.0,2.29,0.462,V_OUT,100.0,90.717,22.638
R290,R600a,R290/R600a,0.4,30.0,100.0,2.29,0.462,V_OUT,110.0,97.189,22.638
R290,R600a,R290/R600a,0.4,30.0,100.0,2.29,0.462,V_OUT,120.0,103.661,22.638
R290,R600a,R290/R600a,0.4,30.0,100.0,2.29,0.462,V_OUT,130.0,110.133,22.638
R290,R600a,R290/R600a,0.4,30.0,100.0,2.29,0.462,V_OUT,140.0,116.604,22.638
R290,R600a,R290/R600a,0.4,30.0,100.0,2.29,0.462,V_OUT,150.0,123.076,22.638
R290,R600a,R290/R600a,0.4,30.0,100.0,2.29,0.462,V_OUT,160.0,129.548,22.638
R290,R600a,R290/R600a,0.4,30.0,100.0,2.29,0.462,V_OUT,170.0,136.02,22.638
R290,R600a,R290/R600a,0.4,30.0,100.0,2.29,0.462,V_OUT,180.0,142.492,22.638
R290,R600a,R290/R600a,0.4,30.0,100.0,2.29,0.462,V_OUT,190.0,148.964,22.638
R290,R600a,R290/R600a,0.4,30.0,100.0,2.29,0.462,V_OUT,200.0,155.436,22.638
R290,R600a,R290/R600a,0.4,40.0,100.0,2.511,0.441,V_OUT,100.0,83.807,21.577
R290,R600a,R290/R600a,0.4,40.0,100.0,2.511,0.441,V_OUT,110.0,89.709,21.577
R290,R600a,R290/R600a,0.4,40.0,100.0,2.511,0.441,V_OUT,120.0,95.612,21.577
R290,R600a,R290/R600a,0.4,40.0,100.0,2.511,0.441,V_OUT,130.0,101.515,21.577
R290,R600a,R290/R600a,0.4,40.0,100.0,2.511,0.441,V_OUT,140.0,107.417,21.577
R290,R600a,R290/R600a,0.4,40.0,100.0,2.511,0.441,V_OUT,150.0,113.32,21.577
R290,R600a,R290/R600a,0.4,40.0,100.0,2.511,0.441,V_OUT,160.0,119.223,21.577
R290,R600a,R290/R600a,0.4,40.0,100.0,2.511,0.441,V_OUT,170.0,125.125,21.577
R290,R600a,R290/R600a,0.4,40.0,100.0,2.511,0.441,V_OUT,180.0,131.028,21.577
R290,R600a,R290/R600a,0.4,40.0,100.0,2.511,0.441,V_OUT,190.0,136.931,21.577
R290,R600a,R290/R600a,0.4,40.0,100.0,2.511,0.441,V_OUT,200.0,142.833,21.577
R290,R600a,R290/R600a,0.4,50.0,100.0,2.77,0.415,V_OUT,100.0,77.333,20.746
R290,R600a,R290/R600a,0.4,50.0,100.0,2.77,0.415,V_OUT,110.0,82.683,20.746
R290,R600a,R290/R600a,0.4,50.0,100.0,2.77,0.415,V_OUT,120.0,88.034,20.746
R290,R600a,R290/R600a,0.4,50.0,100.0,2.77,0.415,V_OUT,130.0,93.385,20.746
R290,R600a,R290/R600a,0.4,50.0,100.0,2.77,0.415,V_OUT,140.0,98.736,20.746
R290,R600a,R290/R600a,0.4,50.0,100.0,2.77,0.415,V_OUT,150.0,104.086,20.746
R290,R600a,R290/R600a,0.4,50.0,100.0,2.77,0.415,V_OUT,160.0,109.437,20.746
R290,R600a,R290/R600a,0.4,50.0,100.0,2.77,0.415,V_OUT,170.0,114.788,20.746
R290,R600a,R290/R600a,0.4,50.0,100.0,2.77,0.415,V_OUT,180.0,120.139,20.746
R290,R600a,R290/R600a,0.4,50.0,100.0,2.77,0.415,V_OUT,190.0,125.489,20.746
R290,R600a,R290/R600a,0.4,50.0,100.0,2.77,0.415,V_OUT,200.0,130.84,20.746
R290,R600a,R290/R600a,0.4,60.0,100.0,3.073,0.381,V_OUT,100.0,71.338,20.123
R290,R600a,R290/R600a,0.4,60.0,100.0,3.073,0.381,V_OUT,110.0,76.16,20.123
R290,R600a,R290/R600a,0.4,60.0,100.0,3.073,0.381,V_OUT,120.0,80.983,20.123
R290,R600a,R290/R600a,0.4,60.0,100.0,3.073,0.381,V_OUT,130.0,85.806,20.123
R290,R600a,R290/R600a,0.4,60.0,100.0,3.073,0.381,V_OUT,140.0,90.629,20.123
R290,R600a,R290/R600a,0.4,60.0,100.0,3.073,0.381,V_OUT,150.0,95.451,20.123
R290,R600a,R290/R600a,0.4,60.0,100.0,3.073,0.381,V_OUT,160.0,100.274,20.123
R290,R600a,R290/R600a,0.4,60.0,100.0,3.073,0.381,V_OUT,170.0,105.097,20.123
R290,R600a,R290/R600a,0.4,60.0,100.0,3.073,0.381,V_OUT,180.0,109.92,20.123
R290,R600a,R290/R600a,0.4,60.0,100.0,3.073,0.381,V_OUT,190.0,114.742,20.123
R290,R600a,R290/R600a,0.4,60.0,100.0,3.073,0.381,V_OUT,200.0,119.565,20.123
R290,R600a,R290/R600a,0.5,20.0,100.0,2.091,0.476,V_OUT,100.0,98.001,23.613
R290,R600a,R290/R600a,0.5,20.0,100.0,2.091,0.476,V_OUT,110.0,105.089,23.613
R290,R600a,R290/R600a,0.5,20.0,100.0,2.091,0.476,V_OUT,120.0,112.177,23.613
R290,R600a,R290/R600a,0.5,20.0,100.0,2.091,0.476,V_OUT,130.0,119.265,23.613
R290,R600a,R290/R600a,0.5,20.0,100.0,2.091,0.476,V_OUT,140.0,126.354,23.613
R290,R600a,R290/R600a,0.5,20.0,100.0,2.091,0.476,V_OUT,150.0,133.442,23.613
R290,R600a,R290/R600a,0.5,20.0,100.0,2.091,0.476,V_OUT,160.0,140.53,23.613
R290,R600a,R290/R600a,0.5,20.0,100.0,2.091,0.476,V_OUT,170.0,147.618,23.613
R290,R600a,R290/R600a,0.5,20.0,100.0,2.091,0.476,V_OUT,180.0,154.706,23.613
R290,R600a,R290/R600a,0.5,20.0,100.0,2.091,0.476,V_OUT,190.0,161.795,23.613
R290,R600a,R290/R600a,0.5,20.0,100.0,2.091,0.476,V_OUT,200.0,168.883,23.613
R290,R600a,R290/R600a,0.5,30.0,100.0,2.266,0.457,V_OUT,100.0,91.09,22.353
R290,R600a,R290/R600a,0.5,30.0,100.0,2.266,0.457,V_OUT,110.0,97.632,22.353
R290,R600a,R290/R600a,0.5,30.0,100.0,2.266,0.457,V_OUT,120.0,104.174,22.353
R290,R600a,R290/R600a,0.5,30.0,100.0,2.266,0.457,V_OUT,130.0,110.716,22.353
R290,R600a,R290/R600a,0.5,30.0,100.0,2.266,0.457,V_OUT,140.0,117.258,22.353
R290,R600a,R290/R600a,0.5,30.0,100.0,2.266,0.457,V_OUT,150.0,123.799,22.353
R290,R600a,R290/R600a,0.5,30.0,100.0,2.266,0.457,V_OUT,160.0,130.341,22.353
R290,R600a,R290/R600a,0.5,30.0,100.0,2.266,0.457,V_OUT,170.0,136.883,22.353
R290,R600a,R290/R600a,0.5,30.0,100.0,2.266,0.457,V_OUT,180.0,143.425,22.353
R290,R600a,R290/R600a,0.5,30.0,100.0,2.266,0.457,V_OUT,190.0,149.967,22.353
R290,R600a,R290/R600a,0.5,30.0,100.0,2.266,0.457,V_OUT,200.0,156.509,22.353
R290,R600a,R290/R600a,0.5,40.0,100.0,2.47,0.434,V_OUT,100.0,84.575,21.384
R290,R600a,R290/R600a,0.5,40.0,100.0,2.47,0.434,V_OUT,110.0,90.576,21.384
R290,R600a,R290/R600a,0.5,40.0,100.0,2.47,0.434,V_OUT,120.0,96.578,21.384
R290,R600a,R290/R600a,0.5,40.0,100.0,2.47,0.434,V_OUT,130.0,102.58,21.384
R290,R600a,R290/R600a,0.5,40.0,100.0,2.47,0.434,V_OUT,140.0,108.581,21.384
R290,R600a,R290/R600a,0.5,40.0,100.0,2.47,0.434,V_OUT,150.0,114.583,21.384
R290,R600a,R290/R600a,0.5,40.0,100.0,2.47,0.434,V_OUT,160.0,120.584,21.384
R290,R600a,R290/R600a,0.5,40.0,100.0,2.47,0.434,V_OUT,170.0,126.586,21.384
R290,R600a,R290/R600a,0.5,40.0,100.0,2.47,0.434,V_OUT,180.0,132.588,21.384
R290,R600a,R290/R600a,0.5,40.0,100.0,2.47,0.434,V_OUT,190.0,138.589,21.384
R290,R600a,R290/R600a,0.5,40.0,100.0,2.47,0.434,V_OUT,200.0,144.591,21.384
R290,R600a,R290/R600a,0.5,50.0,100.0,2.709,0.405,V_OUT,100.0,78.426,20.645
R290,R600a,R290/R600a,0.5,50.0,100.0,2.709,0.405,V_OUT,110.0,83.898,20.645
R290,R600a,R290/R600a,0.5,50.0,100.0,2.709,0.405,V_OUT,120.0,89.369,20.645
R290,R600a,R290/R600a,0.5,50.0,100.0,2.709,0.405,V_OUT,130.0,94.841,20.645
R290,R600a,R290/R600a,0.5,50.0,100.0,2.709,0.405,V_OUT,140.0,100.313,20.645
R290,R600a,R290/R600a,0.5,50.0,100.0,2.709,0.405,V_OUT,150.0,105.785,20.645
R290,R600a,R290/R600a,0.5,50.0,100.0,2.709,0.405,V_OUT,160.0,111.256,20.645
R290,R600a,R290/R600a,0.5,50.0,100.0,2.709,0.405,V_OUT,170.0,116.728,20.645
R290,R600a,R290/R600a,0.5,50.0,100.0,2.709,0.405,V_OUT,180.0,122.2,20.645
R290,R600a,R290/R600a,0.5,50.0,100.0,2.709,0.405,V_OUT,190.0,127.671,20.645
R290,R600a,R290/R600a,0.5,50.0,100.0,2.709,0.405,V_OUT,200.0,133.143,20.645
R290,R600a,R290/R600a,0.5,60.0,100.0,2.99,0.37,V_OUT,100.0,72.682,20.123
R290,R600a,R290/R600a,0.5,60.0,100.0,2.99,0.37,V_OUT,110.0,77.639,20.123
R290,R600a,R290/R600a,0.5,60.0,100.0,2.99,0.37,V_OUT,120.0,82.596,20.123
R290,R600a,R290/R600a,0.5,60.0,100.0,2.99,0.37,V_OUT,130.0,87.553,20.123
R290,R600a,R290/R600a,0.5,60.0,100.0,2.99,0.37,V_OUT,140.0,92.51,20.123
R290,R600a,R290/R600a,0.5,60.0,100.0,2.99,0.37,V_OUT,150.0,97.468,20.123
R290,R600a,R290/R600a,0.5,60.0,100.0,2.99,0.37,V_OUT,160.0,102.425,20.123
R290,R600a,R290/R600a,0.5,60.0,100.0,2.99,0.37,V_OUT,170.0,107.382,20.123
R290,R600a,R290/R600a,0.5,60.0,100.0,2.99,0.37,V_OUT,180.0,112.339,20.123
R290,R600a,R290/R600a,0.5,60.0,100.0,2.99,0.37,V_OUT,190.0,117.296,20.123
R290,R600a,R290/R600a,0.5,60.0,100.0,2.99,0.37,V_OUT,200.0,122.254,20.123
R717,R600,R717/R600,0.3,20.0,100.0,2.205,0.503,V_OUT,100.0,93.046,22.502
R717,R600,R717/R600,0.3,20.0,100.0,2.205,0.503,V_OUT,110.0,99.766,22.502
R717,R600,R717/R600,0.3,20.0,100.0,2.205,0.503,V_OUT,120.0,106.487,22.502
R717,R600,R717/R600,0.3,20.0,100.0,2.205,0.503,V_OUT,130.0,113.207,22.502
R717,R600,R717/R600,0.3,20.0,100.0,2.205,0.503,V_OUT,140.0,119.928,22.502
R717,R600,R717/R600,0.3,20.0,100.0,2.205,0.503,V_OUT,150.0,126.648,22.502
R717,R600,R717/R600,0.3,20.0,100.0,2.205,0.503,V_OUT,160.0,133.368,22.502
R717,R600,R717/R600,0.3,20.0,100.0,2.205,0.503,V_OUT,170.0,140.089,22.502
R717,R600,R717/R600,0.3,20.0,100.0,2.205,0.503,V_OUT,180.0,146.809,22.502
R717,R600,R717/R600,0.3,20.0,100.0,2.205,0.503,V_OUT,190.0,153.53,22.502
R717,R600,R717/R600,0.3,20.0,100.0,2.205,0.503,V_OUT,200.0,160.25,22.502
R717,R600,R717/R600,0.3,30.0,100.0,2.432,0.492,V_OUT,100.0,84.621,20.621
R717,R600,R717/R600,0.3,30.0,100.0,2.432,0.492,V_OUT,110.0,90.715,20.621
R717,R600,R717/R600,0.3,30.0,100.0,2.432,0.492,V_OUT,120.0,96.809,20.621
R717,R600,R717/R600,0.3,30.0,100.0,2.432,0.492,V_OUT,130.0,102.903,20.621
R717,R600,R717/R600,0.3,30.0,100.0,2.432,0.492,V_OUT,140.0,108.996,20.621
R717,R600,R717/R600,0.3,30.0,100.0,2.432,0.492,V_OUT,150.0,115.09,20.621
R717,R600,R717/R600,0.3,30.0,100.0,2.432,0.492,V_OUT,160.0,121.184,20.621
R717,R600,R717/R600,0.3,30.0,100.0,2.432,0.492,V_OUT,170.0,127.278,20.621
R717,R600,R717/R600,0.3,30.0,100.0,2.432,0.492,V_OUT,180.0,133.372,20.621
R717,R600,R717/R600,0.3,30.0,100.0,2.432,0.492,V_OUT,190.0,139.466,20.621
R717,R600,R717/R600,0.3,30.0,100.0,2.432,0.492,V_OUT,200.0,145.56,20.621
R717,R600,R717/R600,0.3,40.0,100.0,2.705,0.477,V_OUT,100.0,78.301,20.464
R717,R600,R717/R600,0.3,40.0,100.0,2.705,0.477,V_OUT,110.0,83.781,20.464
R717,R600,R717/R600,0.3,40.0,100.0,2.705,0.477,V_OUT,120.0,89.261,20.464
R717,R600,R717/R600,0.3,40.0,100.0,2.705,0.477,V_OUT,130.0,94.741,20.464
R717,R600,R717/R600,0.3,40.0,100.0,2.705,0.477,V_OUT,140.0,100.221,20.464
R717,R600,R717/R600,0.3,40.0,100.0,2.705,0.477,V_OUT,150.0,105.701,20.464
R717,R600,R717/R600,0.3,40.0,100.0,2.705,0.477,V_OUT,160.0,111.181,20.464
R717,R600,R717/R600,0.3,40.0,100.0,2.705,0.477,V_OUT,170.0,116.661,20.464
R717,R600,R717/R600,0.3,40.0,100.0,2.705,0.477,V_OUT,180.0,122.141,20.464
R717,R600,R717/R600,0.3,40.0,100.0,2.705,0.477,V_OUT,190.0,127.621,20.464
R717,R600,R717/R600,0.3,40.0,100.0,2.705,0.477,V_OUT,200.0,133.101,20.464
R717,R600,R717/R600,0.3,50.0,100.0,3.037,0.457,V_OUT,100.0,70.879,19.22
R717,R600,R717/R600,0.3,50.0,100.0,3.037,0.457,V_OUT,110.0,75.759,19.22
R717,R600,R717/R600,0.3,50.0,100.0,3.037,0.457,V_OUT,120.0,80.64,19.22
R717,R600,R717/R600,0.3,50.0,100.0,3.037,0.457,V_OUT,130.0,85.521,19.22
R717,R600,R717/R600,0.3,50.0,100.0,3.037,0.457,V_OUT,140.0,90.401,19.22
R717,R600,R717/R600,0.3,50.0,100.0,3.037,0.457,V_OUT,150.0,95.282,19.22
R717,R600,R717/R600,0.3,50.0,100.0,3.037,0.457,V_OUT,160.0,100.162,19.22
R717,R600,R717/R600,0.3,50.0,100.0,3.037,0.457,V_OUT,170.0,105.043,19.22
R717,R600,R717/R600,0.3,50.0,100.0,3.037,0.457,V_OUT,180.0,109.923,19.22
R717,R600,R717/R600,0.3,50.0,100.0,3.037,0.457,V_OUT,190.0,114.804,19.22
R717,R600,R717/R600,0.3,50.0,100.0,3.037,0.457,V_OUT,200.0,119.685,19.22
R717,R600,R717/R600,0.3,60.0,100.0,3.449,0.43,V_OUT,100.0,63.933,18.251
R717,R600,R717/R600,0.3,60.0,100.0,3.449,0.43,V_OUT,110.0,68.23,18.251
R717,R600,R717/R600,0.3,60.0,100.0,3.449,0.43,V_OUT,120.0,72.527,18.251
R717,R600,R717/R600,0.3,60.0,100.0,3.449,0.43,V_OUT,130.0,76.824,18.251
R717,R600,R717/R600,0.3,60.0,100.0,3.449,0.43,V_OUT,140.0,81.121,18.251
R717,R600,R717/R600,0.3,60.0,100.0,3.449,0.43,V_OUT,150.0,85.418,18.251
R717,R600,R717/R600,0.3,60.0,100.0,3.449,0.43,V_OUT,160.0,89.716,18.251
R717,R600,R717/R600,0.3,60.0,100.0,3.449,0.43,V_OUT,170.0,94.013,18.251
R717,R600,R717/R600,0.3,60.0,100.0,3.449,0.43,V_OUT,180.0,98.31,18.251
R717,R600,R717/R600,0.3,60.0,100.0,3.449,0.43,V_OUT,190.0,102.607,18.251
R717,R600,R717/R600,0.3,60.0,100.0,3.449,0.43,V_OUT,200.0,106.904,18.251
R717,R600,R717/R600,0.4,20.0,100.0,2.248,0.513,V_OUT,100.0,90.105,21.052
R717,R600,R717/R600,0.4,20.0,100.0,2.248,0.513,V_OUT,110.0,96.698,21.052
R717,R600,R717/R600,0.4,20.0,100.0,2.248,0.513,V_OUT,120.0,103.291,21.052
R717,R600,R717/R600,0.4,20.0,100.0,2.248,0.513,V_OUT,130.0,109.884,21.052
R717,R600,R717/R600,0.4,20.0,100.0,2.248,0.513,V_OUT,140.0,116.477,21.052
R717,R600,R717/R600,0.4,20.0,100.0,2.248,0.513,V_OUT,150.0,123.07,21.052
R717,R600,R717/R600,0.4,20.0,100.0,2.248,0.513,V_OUT,160.0,129.663,21.052
R717,R600,R717/R600,0.4,20.0,100.0,2.248,0.513,V_OUT,170.0,136.255,21.052
R717,R600,R717/R600,0.4,20.0,100.0,2.248,0.513,V_OUT,180.0,142.848,21.052
R717,R600,R717/R600,0.4,20.0,100.0,2.248,0.513,V_OUT,190.0,149.441,21.052
R717,R600,R717/R600,0.4,20.0,100.0,2.248,0.513,V_OUT,200.0,156.034,21.052
R717,R600,R717/R600,0.4,30.0,100.0,2.469,0.5,V_OUT,100.0,84.333,21.154
R717,R600,R717/R600,0.4,30.0,100.0,2.469,0.5,V_OUT,110.0,90.337,21.154
R717,R600,R717/R600,0.4,30.0,100.0,2.469,0.5,V_OUT,120.0,96.341,21.154
R717,R600,R717/R600,0.4,30.0,100.0,2.469,0.5,V_OUT,130.0,102.344,21.154
R717,R600,R717/R600,0.4,30.0,100.0,2.469,0.5,V_OUT,140.0,108.348,21.154
R717,R600,R717/R600,0.4,30.0,100.0,2.469,0.5,V_OUT,150.0,114.352,21.154
R717,R600,R717/R600,0.4,30.0,100.0,2.469,0.5,V_OUT,160.0,120.356,21.154
R717,R600,R717/R600,0.4,30.0,100.0,2.469,0.5,V_OUT,170.0,126.36,21.154
R717,R600,R717/R600,0.4,30.0,100.0,2.469,0.5,V_OUT,180.0,132.364,21.154
R717,R600,R717/R600,0.4,30.0,100.0,2.469,0.5,V_OUT,190.0,138.368,21.154
R717,R600,R717/R600,0.4,30.0,100.0,2.469,0.5,V_OUT,200.0,144.372,21.154
R717,R600,R717/R600,0.4,40.0,100.0,2.733,0.483,V_OUT,100.0,76.997,19.83
R717,R600,R717/R600,0.4,40.0,100.0,2.733,0.483,V_OUT,110.0,82.419,19.83
R717,R600,R717/R600,0.4,40.0,100.0,2.733,0.483,V_OUT,120.0,87.842,19.83
R717,R600,R717/R600,0.4,40.0,100.0,2.733,0.483,V_OUT,130.0,93.264,19.83
R717,R600,R717/R600,0.4,40.0,100.0,2.733,0.483,V_OUT,140.0,98.686,19.83
R717,R600,R717/R600,0.4,40.0,100.0,2.733,0.483,V_OUT,150.0,104.109,19.83
R717,R600,R717/R600,0.4,40.0,100.0,2.733,0.483,V_OUT,160.0,109.531,19.83
R717,R600,R717/R600,0.4,40.0,100.0,2.733,0.483,V_OUT,170.0,114.954,19.83
R717,R600,R717/R600,0.4,40.0,100.0,2.733,0.483,V_OUT,180.0,120.376,19.83
R717,R600,R717/R600,0.4,40.0,100.0,2.733,0.483,V_OUT,190.0,125.798,19.83
R717,R600,R717/R600,0.4,40.0,100.0,2.733,0.483,V_OUT,200.0,131.221,19.83
R717,R600,R717/R600,0.4,50.0,100.0,3.056,0.46,V_OUT,100.0,70.072,18.786
R717,R600,R717/R600,0.4,50.0,100.0,3.056,0.46,V_OUT,110.0,74.922,18.786
R717,R600,R717/R600,0.4,50.0,100.0,3.056,0.46,V_OUT,120.0,79.771,18.786
R717,R600,R717/R600,0.4,50.0,100.0,3.056,0.46,V_OUT,130.0,84.621,18.786
R717,R600,R717/R600,0.4,50.0,100.0,3.056,0.46,V_OUT,140.0,89.471,18.786
R717,R600,R717/R600,0.4,50.0,100.0,3.056,0.46,V_OUT,150.0,94.321,18.786
R717,R600,R717/R600,0.4,50.0,100.0,3.056,0.46,V_OUT,160.0,99.17,18.786
R717,R600,R717/R600,0.4,50.0,100.0,3.056,0.46,V_OUT,170.0,104.02,18.786
R717,R600,R717/R600,0.4,50.0,100.0,3.056,0.46,V_OUT,180.0,108.87,18.786
R717,R600,R717/R600,0.4,50.0,100.0,3.056,0.46,V_OUT,190.0,113.72,18.786
R717,R600,R717/R600,0.4,50.0,100.0,3.056,0.46,V_OUT,200.0,118.57,18.786
R717,R600,R717/R600,0.4,60.0,100.0,3.457,0.431,V_OUT,100.0,63.497,17.961
R717,R600,R717/R600,0.4,60.0,100.0,3.457,0.431,V_OUT,110.0,67.784,17.961
R717,R600,R717/R600,0.4,60.0,100.0,3.457,0.431,V_OUT,120.0,72.071,17.961
R717,R600,R717/R600,0.4,60.0,100.0,3.457,0.431,V_OUT,130.0,76.358,17.961
R717,R600,R717/R600,0.4,60.0,100.0,3.457,0.431,V_OUT,140.0,80.645,17.961
R717,R600,R717/R600,0.4,60.0,100.0,3.457,0.431,V_OUT,150.0,84.932,17.961
R717,R600,R717/R600,0.4,60.0,100.0,3.457,0.431,V_OUT,160.0,89.219,17.961
R717,R600,R717/R600,0.4,60.0,100.0,3.457,0.431,V_OUT,170.0,93.506,17.961
R717,R600,R717/R600,0.4,60.0,100.0,3.457,0.431,V_OUT,180.0,97.793,17.961
R717,R600,R717/R600,0.4,60.0,100.0,3.457,0.431,V_OUT,190.0,102.08,17.961
R717,R600,R717/R600,0.4,60.0,100.0,3.457,0.431,V_OUT,200.0,106.367,17.961
R717,R600,R717/R600,0.5,20.0,100.0,2.271,0.519,V_OUT,100.0,90.498,21.976
R717,R600,R717/R600,0.5,20.0,100.0,2.271,0.519,V_OUT,110.0,97.024,21.976
R717,R600,R717/R600,0.5,20.0,100.0,2.271,0.519,V_OUT,120.0,103.55,21.976
R717,R600,R717/R600,0.5,20.0,100.0,2.271,0.519,V_OUT,130.0,110.076,21.976
R717,R600,R717/R600,0.5,20.0,100.0,2.271,0.519,V_OUT,140.0,116.602,21.976
R717,R600,R717/R600,0.5,20.0,100.0,2.271,0.519,V_OUT,150.0,123.129,21.976
R717,R600,R717/R600,0.5,20.0,100.0,2.271,0.519,V_OUT,160.0,129.655,21.976
R717,R600,R717/R600,0.5,20.0,100.0,2.271,0.519,V_OUT,170.0,136.181,21.976
R717,R600,R717/R600,0.5,20.0,100.0,2.271,0.519,V_OUT,180.0,142.707,21.976
R717,R600,R717/R600,0.5,20.0,100.0,2.271,0.519,V_OUT,190.0,149.233,21.976
R717,R600,R717/R600,0.5,20.0,100.0,2.271,0.519,V_OUT,200.0,155.759,21.976
R717,R600,R717/R600,0.5,30.0,100.0,2.486,0.503,V_OUT,100.0,83.154,20.497
R717,R600,R717/R600,0.5,30.0,100.0,2.486,0.503,V_OUT,110.0,89.115,20.497
R717,R600,R717/R600,0.5,30.0,100.0,2.486,0.503,V_OUT,120.0,95.077,20.497
R717,R600,R717/R600,0.5,30.0,100.0,2.486,0.503,V_OUT,130.0,101.038,20.497
R717,R600,R717/R600,0.5,30.0,100.0,2.486,0.503,V_OUT,140.0,106.999,20.497
R717,R600,R717/R600,0.5,30.0,100.0,2.486,0.503,V_OUT,150.0,112.961,20.497
R717,R600,R717/R600,0.5,30.0,100.0,2.486,0.503,V_OUT,160.0,118.922,20.497
R717,R600,R717/R600,0.5,30.0,100.0,2.486,0.503,V_OUT,170.0,124.884,20.497
R717,R600,R717/R600,0.5,30.0,100.0,2.486,0.503,V_OUT,180.0,130.845,20.497
R717,R600,R717/R600,0.5,30.0,100.0,2.486,0.503,V_OUT,190.0,136.807,20.497
R717,R600,R717/R600,0.5,30.0,100.0,2.486,0.503,V_OUT,200.0,142.768,20.497
R717,R600,R717/R600,0.5,40.0,100.0,2.744,0.485,V_OUT,100.0,76.223,19.345
R717,R600,R717/R600,0.5,40.0,100.0,2.744,0.485,V_OUT,110.0,81.624,19.345
R717,R600,R717/R600,0.5,40.0,100.0,2.744,0.485,V_OUT,120.0,87.024,19.345
R717,R600,R717/R600,0.5,40.0,100.0,2.744,0.485,V_OUT,130.0,92.425,19.345
R717,R600,R717/R600,0.5,40.0,100.0,2.744,0.485,V_OUT,140.0,97.826,19.345
R717,R600,R717/R600,0.5,40.0,100.0,2.744,0.485,V_OUT,150.0,103.226,19.345
R717,R600,R717/R600,0.5,40.0,100.0,2.744,0.485,V_OUT,160.0,108.627,19.345
R717,R600,R717/R600,0.5,40.0,100.0,2.744,0.485,V_OUT,170.0,114.028,19.345
R717,R600,R717/R600,0.5,40.0,100.0,2.744,0.485,V_OUT,180.0,119.428,19.345
R717,R600,R717/R600,0.5,40.0,100.0,2.744,0.485,V_OUT,190.0,124.829,19.345
R717,R600,R717/R600,0.5,40.0,100.0,2.744,0.485,V_OUT,200.0,130.23,19.345
R717,R600,R717/R600,0.5,50.0,100.0,3.059,0.461,V_OUT,100.0,69.618,18.436
R717,R600,R717/R600,0.5,50.0,100.0,3.059,0.461,V_OUT,110.0,74.463,18.436
R717,R600,R717/R600,0.5,50.0,100.0,3.059,0.461,V_OUT,120.0,79.307,18.436
R717,R600,R717/R600,0.5,50.0,100.0,3.059,0.461,V_OUT,130.0,84.152,18.436
R717,R600,R717/R600,0.5,50.0,100.0,3.059,0.461,V_OUT,140.0,88.997,18.436
R717,R600,R717/R600,0.5,50.0,100.0,3.059,0.461,V_OUT,150.0,93.841,18.436
R717,R600,R717/R600,0.5,50.0,100.0,3.059,0.461,V_OUT,160.0,98.686,18.436
R717,R600,R717/R600,0.5,50.0,100.0,3.059,0.461,V_OUT,170.0,103.53,18.436
R717,R600,R717/R600,0.5,50.0,100.0,3.059,0.461,V_OUT,180.0,108.375,18.436
R717,R600,R717/R600,0.5,50.0,100.0,3.059,0.461,V_OUT,190.0,113.219,18.436
R717,R600,R717/R600,0.5,50.0,100.0,3.059,0.461,V_OUT,200.0,118.064,18.436
R717,R600,R717/R600,0.5,60.0,100.0,3.452,0.43,V_OUT,100.0,63.285,17.716
R717,R600,R717/R600,0.5,60.0,100.0,3.452,0.43,V_OUT,110.0,67.578,17.716
R717,R600,R717/R600,0.5,60.0,100.0,3.452,0.43,V_OUT,120.0,71.872,17.716
R717,R600,R717/R600,0.5,60.0,100.0,3.452,0.43,V_OUT,130.0,76.166,17.716
R717,R600,R717/R600,0.5,60.0,100.0,3.452,0.43,V_OUT,140.0,80.46,17.716
R717,R600,R717/R600,0.5,60.0,100.0,3.452,0.43,V_OUT,150.0,84.754,17.716
R717,R600,R717/R600,0.5,60.0,100.0,3.452,0.43,V_OUT,160.0,89.048,17.716
R717,R600,R717/R600,0.5,60.0,100.0,3.452,0.43,V_OUT,170.0,93.342,17.716
R717,R600,R717/R600,0.5,60.0,100.0,3.452,0.43,V_OUT,180.0,97.636,17.716
R717,R600,R717/R600,0.5,60.0,100.0,3.452,0.43,V_OUT,190.0,101.93,17.716
R717,R600,R717/R600,0.5,60.0,100.0,3.452,0.43,V_OUT,200.0,106.223,17.716
R717,R600a,R717/R600a,0.3,20.0,100.0,2.108,0.48,V_OUT,100.0,94.885,21.391
R717,R600a,R717/R600a,0.3,20.0,100.0,2.108,0.48,V_OUT,110.0,101.917,21.391
R717,R600a,R717/R600a,0.3,20.0,100.0,2.108,0.48,V_OUT,120.0,108.949,21.391
R717,R600a,R717/R600a,0.3,20.0,100.0,2.108,0.48,V_OUT,130.0,115.981,21.391
R717,R600a,R717/R600a,0.3,20.0,100.0,2.108,0.48,V_OUT,140.0,123.013,21.391
R717,R600a,R717/R600a,0.3,20.0,100.0,2.108,0.48,V_OUT,150.0,130.044,21.391
R717,R600a,R717/R600a,0.3,20.0,100.0,2.108,0.48,V_OUT,160.0,137.076,21.391
R717,R600a,R717/R600a,0.3,20.0,100.0,2.108,0.48,V_OUT,170.0,144.108,21.391
R717,R600a,R717/R600a,0.3,20.0,100.0,2.108,0.48,V_OUT,180.0,151.14,21.391
R717,R600a,R717/R600a,0.3,20.0,100.0,2.108,0.48,V_OUT,190.0,158.172,21.391
R717,R600a,R717/R600a,0.3,20.0,100.0,2.108,0.48,V_OUT,200.0,165.204,21.391
R717,R600a,R717/R600a,0.3,30.0,100.0,2.332,0.471,V_OUT,100.0,86.32,19.819
R717,R600a,R717/R600a,0.3,30.0,100.0,2.332,0.471,V_OUT,110.0,92.676,19.819
R717,R600a,R717/R600a,0.3,30.0,100.0,2.332,0.471,V_OUT,120.0,99.031,19.819
R717,R600a,R717/R600a,0.3,30.0,100.0,2.332,0.471,V_OUT,130.0,105.387,19.819
R717,R600a,R717/R600a,0.3,30.0,100.0,2.332,0.471,V_OUT,140.0,111.743,19.819
R717,R600a,R717/R600a,0.3,30.0,100.0,2.332,0.471,V_OUT,150.0,118.099,19.819
R717,R600a,R717/R600a,0.3,30.0,100.0,2.332,0.471,V_OUT,160.0,124.455,19.819
R717,R600a,R717/R600a,0.3,30.0,100.0,2.332,0.471,V_OUT,170.0,130.811,19.819
R717,R600a,R717/R600a,0.3,30.0,100.0,2.332,0.471,V_OUT,180.0,137.167,19.819
R717,R600a,R717/R600a,0.3,30.0,100.0,2.332,0.471,V_OUT,190.0,143.523,19.819
R717,R600a,R717/R600a,0.3,30.0,100.0,2.332,0.471,V_OUT,200.0,149.879,19.819
R717,R600a,R717/R600a,0.3,40.0,100.0,2.602,0.458,V_OUT,100.0,79.767,19.863
R717,R600a,R717/R600a,0.3,40.0,100.0,2.602,0.458,V_OUT,110.0,85.463,19.863
R717,R600a,R717/R600a,0.3,40.0,100.0,2.602,0.458,V_OUT,120.0,91.158,19.863
R717,R600a,R717/R600a,0.3,40.0,100.0,2.602,0.458,V_OUT,130.0,96.854,19.863
R717,R600a,R717/R600a,0.3,40.0,100.0,2.602,0.458,V_OUT,140.0,102.55,19.863
R717,R600a,R717/R600a,0.3,40.0,100.0,2.602,0.458,V_OUT,150.0,108.245,19.863
R717,R600a,R717/R600a,0.3,40.0,100.0,2.602,0.458,V_OUT,160.0,113.941,19.863
R717,R600a,R717/R600a,0.3,40.0,100.0,2.602,0.458,V_OUT,170.0,119.637,19.863
R717,R600a,R717/R600a,0.3,40.0,100.0,2.602,0.458,V_OUT,180.0,125.332,19.863
R717,R600a,R717/R600a,0.3,40.0,100.0,2.602,0.458,V_OUT,190.0,131.028,19.863
R717,R600a,R717/R600a,0.3,40.0,100.0,2.602,0.458,V_OUT,200.0,136.723,19.863
R717,R600a,R717/R600a,0.3,50.0,100.0,2.933,0.441,V_OUT,100.0,72.13,18.806
R717,R600a,R717/R600a,0.3,50.0,100.0,2.933,0.441,V_OUT,110.0,77.184,18.806
R717,R600a,R717/R600a,0.3,50.0,100.0,2.933,0.441,V_OUT,120.0,82.237,18.806
R717,R600a,R717/R600a,0.3,50.0,100.0,2.933,0.441,V_OUT,130.0,87.29,18.806
R717,R600a,R717/R600a,0.3,50.0,100.0,2.933,0.441,V_OUT,140.0,92.344,18.806
R717,R600a,R717/R600a,0.3,50.0,100.0,2.933,0.441,V_OUT,150.0,97.397,18.806
R717,R600a,R717/R600a,0.3,50.0,100.0,2.933,0.441,V_OUT,160.0,102.45,18.806
R717,R600a,R717/R600a,0.3,50.0,100.0,2.933,0.441,V_OUT,170.0,107.503,18.806
R717,R600a,R717/R600a,0.3,50.0,100.0,2.933,0.441,V_OUT,180.0,112.557,18.806
R717,R600a,R717/R600a,0.3,50.0,100.0,2.933,0.441,V_OUT,190.0,117.61,18.806
R717,R600a,R717/R600a,0.3,50.0,100.0,2.933,0.441,V_OUT,200.0,122.663,18.806
R717,R600a,R717/R600a,0.3,60.0,100.0,3.345,0.416,V_OUT,100.0,64.971,17.991
R717,R600a,R717/R600a,0.3,60.0,100.0,3.345,0.416,V_OUT,110.0,69.402,17.991
R717,R600a,R717/R600a,0.3,60.0,100.0,3.345,0.416,V_OUT,120.0,73.832,17.991
R717,R600a,R717/R600a,0.3,60.0,100.0,3.345,0.416,V_OUT,130.0,78.263,17.991
R717,R600a,R717/R600a,0.3,60.0,100.0,3.345,0.416,V_OUT,140.0,82.694,17.991
R717,R600a,R717/R600a,0.3,60.0,100.0,3.345,0.416,V_OUT,150.0,87.125,17.991
R717,R600a,R717/R600a,0.3,60.0,100.0,3.345,0.416,V_OUT,160.0,91.556,17.991
R717,R600a,R717/R600a,0.3,60.0,100.0,3.345,0.416,V_OUT,170.0,95.987,17.991
R717,R600a,R717/R600a,0.3,60.0,100.0,3.345,0.416,V_OUT,180.0,100.418,17.991
R717,R600a,R717/R600a,0.3,60.0,100.0,3.345,0.416,V_OUT,190.0,104.849,17.991
R717,R600a,R717/R600a,0.3,60.0,100.0,3.345,0.416,V_OUT,200.0,109.28,17.991
R717,R600a,R717/R600a,0.4,20.0,100.0,2.169,0.494,V_OUT,100.0,91.537,20.215
R717,R600a,R717/R600a,0.4,20.0,100.0,2.169,0.494,V_OUT,110.0,98.369,20.215
R717,R600a,R717/R600a,0.4,20.0,100.0,2.169,0.494,V_OUT,120.0,105.201,20.215
R717,R600a,R717/R600a,0.4,20.0,100.0,2.169,0.494,V_OUT,130.0,112.033,20.215
R717,R600a,R717/R600a,0.4,20.0,100.0,2.169,0.494,V_OUT,140.0,118.865,20.215
R717,R600a,R717/R600a,0.4,20.0,100.0,2.169,0.494,V_OUT,150.0,125.698,20.215
R717,R600a,R717/R600a,0.4,20.0,100.0,2.169,0.494,V_OUT,160.0,132.53,20.215
R717,R600a,R717/R600a,0.4,20.0,100.0,2.169,0.494,V_OUT,170.0,139.362,20.215
R717,R600a,R717/R600a,0.4,20.0,100.0,2.169,0.494,V_OUT,180.0,146.194,20.215
R717,R600a,R717/R600a,0.4,20.0,100.0,2.169,0.494,V_OUT,190.0,153.026,20.215
R717,R600a,R717/R600a,0.4,20.0,100.0,2.169,0.494,V_OUT,200.0,159.858,20.215
R717,R600a,R717/R600a,0.4,30.0,100.0,2.387,0.483,V_OUT,100.0,85.609,20.488
R717,R600a,R717/R600a,0.4,30.0,100.0,2.387,0.483,V_OUT,110.0,91.817,20.488
R717,R600a,R717/R600a,0.4,30.0,100.0,2.387,0.483,V_OUT,120.0,98.025,20.488
R717,R600a,R717/R600a,0.4,30.0,100.0,2.387,0.483,V_OUT,130.0,104.234,20.488
R717,R600a,R717/R600a,0.4,30.0,100.0,2.387,0.483,V_OUT,140.0,110.442,20.488
R717,R600a,R717/R600a,0.4,30.0,100.0,2.387,0.483,V_OUT,150.0,116.65,20.488
R717,R600a,R717/R600a,0.4,30.0,100.0,2.387,0.483,V_OUT,160.0,122.858,20.488
R717,R600a,R717/R600a,0.4,30.0,100.0,2.387,0.483,V_OUT,170.0,129.066,20.488
R717,R600a,R717/R600a,0.4,30.0,100.0,2.387,0.483,V_OUT,180.0,135.274,20.488
R717,R600a,R717/R600a,0.4,30.0,100.0,2.387,0.483,V_OUT,190.0,141.482,20.488
R717,R600a,R717/R600a,0.4,30.0,100.0,2.387,0.483,V_OUT,200.0,147.69,20.488
R717,R600a,R717/R600a,0.4,40.0,100.0,2.65,0.467,V_OUT,100.0,78.136,19.335
R717,R600a,R717/R600a,0.4,40.0,100.0,2.65,0.467,V_OUT,110.0,83.729,19.335
R717,R600a,R717/R600a,0.4,40.0,100.0,2.65,0.467,V_OUT,120.0,89.323,19.335
R717,R600a,R717/R600a,0.4,40.0,100.0,2.65,0.467,V_OUT,130.0,94.916,19.335
R717,R600a,R717/R600a,0.4,40.0,100.0,2.65,0.467,V_OUT,140.0,100.509,19.335
R717,R600a,R717/R600a,0.4,40.0,100.0,2.65,0.467,V_OUT,150.0,106.102,19.335
R717,R600a,R717/R600a,0.4,40.0,100.0,2.65,0.467,V_OUT,160.0,111.695,19.335
R717,R600a,R717/R600a,0.4,40.0,100.0,2.65,0.467,V_OUT,170.0,117.288,19.335
R717,R600a,R717/R600a,0.4,40.0,100.0,2.65,0.467,V_OUT,180.0,122.881,19.335
R717,R600a,R717/R600a,0.4,40.0,100.0,2.65,0.467,V_OUT,190.0,128.475,19.335
R717,R600a,R717/R600a,0.4,40.0,100.0,2.65,0.467,V_OUT,200.0,134.068,19.335
R717,R600a,R717/R600a,0.4,50.0,100.0,2.971,0.447,V_OUT,100.0,71.062,18.435
R717,R600a,R717/R600a,0.4,50.0,100.0,2.971,0.447,V_OUT,110.0,76.051,18.435
R717,R600a,R717/R600a,0.4,50.0,100.0,2.971,0.447,V_OUT,120.0,81.04,18.435
R717,R600a,R717/R600a,0.4,50.0,100.0,2.971,0.447,V_OUT,130.0,86.029,18.435
R717,R600a,R717/R600a,0.4,50.0,100.0,2.971,0.447,V_OUT,140.0,91.018,18.435
R717,R600a,R717/R600a,0.4,50.0,100.0,2.971,0.447,V_OUT,150.0,96.007,18.435
R717,R600a,R717/R600a,0.4,50.0,100.0,2.971,0.447,V_OUT,160.0,100.996,18.435
R717,R600a,R717/R600a,0.4,50.0,100.0,2.971,0.447,V_OUT,170.0,105.985,18.435
R717,R600a,R717/R600a,0.4,50.0,100.0,2.971,0.447,V_OUT,180.0,110.974,18.435
R717,R600a,R717/R600a,0.4,50.0,100.0,2.971,0.447,V_OUT,190.0,115.963,18.435
R717,R600a,R717/R600a,0.4,50.0,100.0,2.971,0.447,V_OUT,200.0,120.952,18.435
R717,R600a,R717/R600a,0.4,60.0,100.0,3.371,0.42,V_OUT,100.0,64.34,17.736
R717,R600a,R717/R600a,0.4,60.0,100.0,3.371,0.42,V_OUT,110.0,68.737,17.736
R717,R600a,R717/R600a,0.4,60.0,100.0,3.371,0.42,V_OUT,120.0,73.134,17.736
R717,R600a,R717/R600a,0.4,60.0,100.0,3.371,0.42,V_OUT,130.0,77.532,17.736
R717,R600a,R717/R600a,0.4,60.0,100.0,3.371,0.42,V_OUT,140.0,81.929,17.736
R717,R600a,R717/R600a,0.4,60.0,100.0,3.371,0.42,V_OUT,150.0,86.326,17.736
R717,R600a,R717/R600a,0.4,60.0,100.0,3.371,0.42,V_OUT,160.0,90.723,17.736
R717,R600a,R717/R600a,0.4,60.0,100.0,3.371,0.42,V_OUT,170.0,95.12,17.736
R717,R600a,R717/R600a,0.4,60.0,100.0,3.371,0.42,V_OUT,180.0,99.517,17.736
R717,R600a,R717/R600a,0.4,60.0,100.0,3.371,0.42,V_OUT,190.0,103.914,17.736
R717,R600a,R717/R600a,0.4,60.0,100.0,3.371,0.42,V_OUT,200.0,108.312,17.736
R717,R600a,R717/R600a,0.5,20.0,100.0,2.211,0.504,V_OUT,100.0,91.504,21.297
R717,R600a,R717/R600a,0.5,20.0,100.0,2.211,0.504,V_OUT,110.0,98.208,21.297
R717,R600a,R717/R600a,0.5,20.0,100.0,2.211,0.504,V_OUT,120.0,104.913,21.297
R717,R600a,R717/R600a,0.5,20.0,100.0,2.211,0.504,V_OUT,130.0,111.617,21.297
R717,R600a,R717/R600a,0.5,20.0,100.0,2.211,0.504,V_OUT,140.0,118.322,21.297
R717,R600a,R717/R600a,0.5,20.0,100.0,2.211,0.504,V_OUT,150.0,125.026,21.297
R717,R600a,R717/R600a,0.5,20.0,100.0,2.211,0.504,V_OUT,160.0,131.731,21.297
R717,R600a,R717/R600a,0.5,20.0,100.0,2.211,0.504,V_OUT,170.0,138.436,21.297
R717,R600a,R717/R600a,0.5,20.0,100.0,2.211,0.504,V_OUT,180.0,145.14,21.297
R717,R600a,R717/R600a,0.5,20.0,100.0,2.211,0.504,V_OUT,190.0,151.845,21.297
R717,R600a,R717/R600a,0.5,20.0,100.0,2.211,0.504,V_OUT,200.0,158.549,21.297
R717,R600a,R717/R600a,0.5,30.0,100.0,2.423,0.49,V_OUT,100.0,84.094,19.967
R717,R600a,R717/R600a,0.5,30.0,100.0,2.423,0.49,V_OUT,110.0,90.21,19.967
R717,R600a,R717/R600a,0.5,30.0,100.0,2.423,0.49,V_OUT,120.0,96.327,19.967
R717,R600a,R717/R600a,0.5,30.0,100.0,2.423,0.49,V_OUT,130.0,102.443,19.967
R717,R600a,R717/R600a,0.5,30.0,100.0,2.423,0.49,V_OUT,140.0,108.559,19.967
R717,R600a,R717/R600a,0.5,30.0,100.0,2.423,0.49,V_OUT,150.0,114.676,19.967
R717,R600a,R717/R600a,0.5,30.0,100.0,2.423,0.49,V_OUT,160.0,120.792,19.967
R717,R600a,R717/R600a,0.5,30.0,100.0,2.423,0.49,V_OUT,170.0,126.908,19.967
R717,R600a,R717/R600a,0.5,30.0,100.0,2.423,0.49,V_OUT,180.0,133.025,19.967
R717,R600a,R717/R600a,0.5,30.0,100.0,2.423,0.49,V_OUT,190.0,139.141,19.967
R717,R600a,R717/R600a,0.5,30.0,100.0,2.423,0.49,V_OUT,200.0,145.257,19.967
R717,R600a,R717/R600a,0.5,40.0,100.0,2.679,0.472,V_OUT,100.0,77.078,18.94
R717,R600a,R717/R600a,0.5,40.0,100.0,2.679,0.472,V_OUT,110.0,82.61,18.94
R717,R600a,R717/R600a,0.5,40.0,100.0,2.679,0.472,V_OUT,120.0,88.143,18.94
R717,R600a,R717/R600a,0.5,40.0,100.0,2.679,0.472,V_OUT,130.0,93.675,18.94
R717,R600a,R717/R600a,0.5,40.0,100.0,2.679,0.472,V_OUT,140.0,99.208,18.94
R717,R600a,R717/R600a,0.5,40.0,100.0,2.679,0.472,V_OUT,150.0,104.741,18.94
R717,R600a,R717/R600a,0.5,40.0,100.0,2.679,0.472,V_OUT,160.0,110.273,18.94
R717,R600a,R717/R600a,0.5,40.0,100.0,2.679,0.472,V_OUT,170.0,115.806,18.94
R717,R600a,R717/R600a,0.5,40.0,100.0,2.679,0.472,V_OUT,180.0,121.338,18.94
R717,R600a,R717/R600a,0.5,40.0,100.0,2.679,0.472,V_OUT,190.0,126.871,18.94
R717,R600a,R717/R600a,0.5,40.0,100.0,2.679,0.472,V_OUT,200.0,132.404,18.94
R717,R600a,R717/R600a,0.5,50.0,100.0,2.992,0.45,V_OUT,100.0,70.38,18.142
R717,R600a,R717/R600a,0.5,50.0,100.0,2.992,0.45,V_OUT,110.0,75.335,18.142
R717,R600a,R717/R600a,0.5,50.0,100.0,2.992,0.45,V_OUT,120.0,80.289,18.142
R717,R600a,R717/R600a,0.5,50.0,100.0,2.992,0.45,V_OUT,130.0,85.244,18.142
R717,R600a,R717/R600a,0.5,50.0,100.0,2.992,0.45,V_OUT,140.0,90.198,18.142
R717,R600a,R717/R600a,0.5,50.0,100.0,2.992,0.45,V_OUT,150.0,95.153,18.142
R717,R600a,R717/R600a,0.5,50.0,100.0,2.992,0.45,V_OUT,160.0,100.107,18.142
R717,R600a,R717/R600a,0.5,50.0,100.0,2.992,0.45,V_OUT,170.0,105.062,18.142
R717,R600a,R717/R600a,0.5,50.0,100.0,2.992,0.45,V_OUT,180.0,110.016,18.142
R717,R600a,R717/R600a,0.5,50.0,100.0,2.992,0.45,V_OUT,190.0,114.971,18.142
R717,R600a,R717/R600a,0.5,50.0,100.0,2.992,0.45,V_OUT,200.0,119.925,18.142
R717,R600a,R717/R600a,0.5,60.0,100.0,3.382,0.421,V_OUT,100.0,63.956,17.526
R717,R600a,R717/R600a,0.5,60.0,100.0,3.382,0.421,V_OUT,110.0,68.339,17.526
R717,R600a,R717/R600a,0.5,60.0,100.0,3.382,0.421,V_OUT,120.0,72.722,17.526
R717,R600a,R717/R600a,0.5,60.0,100.0,3.382,0.421,V_OUT,130.0,77.105,17.526
R717,R600a,R717/R600a,0.5,60.0,100.0,3.382,0.421,V_OUT,140.0,81.488,17.526
R717,R600a,R717/R600a,0.5,60.0,100.0,3.382,0.421,V_OUT,150.0,85.871,17.526
R717,R600a,R717/R600a,0.5,60.0,100.0,3.382,0.421,V_OUT,160.0,90.254,17.526
R717,R600a,R717/R600a,0.5,60.0,100.0,3.382,0.421,V_OUT,170.0,94.637,17.526
R717,R600a,R717/R600a,0.5,60.0,100.0,3.382,0.421,V_OUT,180.0,99.02,17.526
R717,R600a,R717/R600a,0.5,60.0,100.0,3.382,0.421,V_OUT,190.0,103.402,17.526
R717,R600a,R717/R600a,0.5,60.0,100.0,3.382,0.421,V_OUT,200.0,107.785,17.526
