f1,f2,ls,T_src,T_steam,no_solve_class,label_c1,label_c2,Q_H_kW,m_steam [kg/s],m_steam [kg/h],V_dot_c1_target [m3/h],V_dot_c2_target [m3/h],W_comp1 [kW],W_comp2 [kW],W_el [kW],scale_k,COP,eta_Lorenz,p_low_c1 [bar],p_high_c1 [bar],T_disch_c1 [°C],p_low_c2 [bar],p_high_c2 [bar],T_disch_c2 [°C],p_OK_c1,p_OK_c2,T_OK_c1,T_OK_c2,V_OK_c1,V_OK_c2,feasible,reason,status,status_4state
R290,R600a,0.3,20,110.0,,R290,R600a,1114.82,0.5,1800.0,643.6,1444.5,161.38,414.94,606.65,1.0,1.838,0.452,5.75,19.89,72.5,6.36,26.02,116.6,True,True,True,True,False,False,False,"V_c1, V_c2",ok,V_ONLY
R290,R600a,0.3,30,110.0,,R290,R600a,1114.82,0.5,1800.0,572.0,1207.7,166.21,361.03,554.99,1.0,2.009,0.444,7.44,22.96,78.1,7.55,26.02,116.9,True,True,True,True,False,False,False,"V_c1, V_c2",ok,V_ONLY
R290,R600a,0.3,40,110.0,,R290,R600a,1114.82,0.5,1800.0,513.0,1013.6,170.22,309.71,505.19,1.0,2.207,0.432,9.49,26.38,84.2,8.89,26.02,117.3,True,True,True,True,False,False,False,"V_c1, V_c2",ok,V_ONLY
R290,R600a,0.3,50,110.0,,R290,R600a,1114.82,0.5,1800.0,465.0,853.5,173.87,261.04,457.8,1.0,2.435,0.416,11.94,30.16,90.6,10.41,26.02,117.8,False,True,True,True,False,False,False,"p_c1, V_c1, V_c2",ok,HARD
R290,R600a,0.3,60,110.0,,R290,R600a,1114.82,0.5,1800.0,427.1,720.9,177.82,215.04,413.54,1.0,2.696,0.392,14.83,34.36,97.4,12.11,26.02,118.3,False,True,True,True,False,False,False,"p_c1, V_c1, V_c2",ok,HARD
R290,R600a,0.4,20,110.0,,R290,R600a,1114.82,0.5,1800.0,751.9,1148.3,215.4,346.1,591.06,1.0,1.886,0.465,5.71,23.9,82.7,7.92,26.02,117.0,True,True,True,True,False,False,False,"V_c1, V_c2",ok,V_ONLY
R290,R600a,0.4,30,110.0,,R290,R600a,1114.82,0.5,1800.0,655.2,988.8,215.93,302.59,545.82,1.0,2.042,0.452,7.41,26.89,87.2,9.1,26.02,117.4,True,True,True,True,False,False,False,"V_c1, V_c2",ok,V_ONLY
R290,R600a,0.4,40,110.0,,R290,R600a,1114.82,0.5,1800.0,578.1,853.5,215.7,261.04,501.83,1.0,2.222,0.435,9.48,30.16,92.2,10.41,26.02,117.8,False,True,True,True,False,False,False,"p_c1, V_c1, V_c2",ok,HARD
R290,R600a,0.4,50,110.0,,R290,R600a,1114.82,0.5,1800.0,516.9,738.4,215.17,221.45,459.6,1.0,2.426,0.414,11.94,33.73,97.6,11.85,26.02,118.2,False,True,True,True,False,False,False,"p_c1, V_c1, V_c2",ok,HARD
R290,R600a,0.4,60,110.0,,R290,R600a,1114.82,0.5,1800.0,469.2,640.0,215.04,183.8,419.84,1.0,2.655,0.386,14.86,37.64,103.3,13.44,26.02,118.6,False,True,True,True,False,False,False,"p_c1, V_c1, V_c2",ok,HARD
R290,R600a,0.5,20,110.0,,R290,R600a,1114.82,0.5,1800.0,871.7,918.4,279.07,281.57,590.14,1.0,1.889,0.465,5.7,28.49,92.8,9.74,26.02,117.6,False,True,True,True,False,False,False,"p_c1, V_c1, V_c2",ok,HARD
R290,R600a,0.5,30,110.0,,R290,R600a,1114.82,0.5,1800.0,748.5,813.1,274.34,247.62,549.44,1.0,2.029,0.449,7.42,31.32,96.3,10.88,26.02,117.9,False,True,True,True,False,False,False,"p_c1, V_c1, V_c2",ok,HARD
R290,R600a,0.5,40,110.0,,R290,R600a,1114.82,0.5,1800.0,652.0,720.9,269.0,215.04,509.52,1.0,2.188,0.428,9.51,34.36,100.3,12.11,26.02,118.3,False,True,True,True,False,False,False,"p_c1, V_c1, V_c2",ok,HARD
R290,R600a,0.5,50,110.0,,R290,R600a,1114.82,0.5,1800.0,576.5,640.0,263.53,183.8,470.87,1.0,2.368,0.404,11.99,37.64,104.6,13.44,26.02,118.6,False,True,True,True,False,False,False,"p_c1, V_c1, V_c2",ok,HARD
R290,R600a,0.5,60,110.0,convergence,,,,,,,,,,,,,,,,,,,,,,,,,,False,no_solve,TESPy did not converge,NOSOLVE
R290,R600a,0.6,20,110.0,,R290,R600a,1114.82,0.5,1800.0,1008.0,738.4,355.52,221.45,607.33,1.0,1.836,0.452,5.75,33.73,102.8,11.85,26.02,118.2,False,True,True,True,False,False,False,"p_c1, V_c1, V_c2",ok,HARD
R290,R600a,0.6,30,110.0,,R290,R600a,1114.82,0.5,1800.0,856.2,671.1,344.55,196.14,569.14,1.0,1.959,0.432,7.49,36.3,105.4,12.89,26.02,118.5,False,True,True,True,False,False,False,"p_c1, V_c1, V_c2",ok,HARD
R290,R600a,0.6,40,110.0,,R290,R600a,1114.82,0.5,1800.0,738.5,610.4,333.11,171.68,531.36,1.0,2.098,0.41,9.59,39.03,108.3,14.0,26.02,118.7,False,True,True,True,False,False,False,"p_c1, V_c1, V_c2",ok,HARD
R290,R600a,0.6,50,110.0,convergence,,,,,,,,,,,,,,,,,,,,,,,,,,False,no_solve,TESPy did not converge,NOSOLVE
R290,R600a,0.6,60,110.0,Pcrit_c1,,,,,,,,,,,,,,,,,,,,,,,,,,False,no_solve,f1=R290: p_cond_c1=41.2 bar ≥ 0.95·p_crit=40.4 bar,NOSOLVE
R290,R600a,0.7,20,110.0,,R290,R600a,1114.82,0.5,1800.0,1169.5,596.2,450.94,165.7,649.1,1.0,1.718,0.421,5.85,39.74,112.8,14.29,26.02,118.8,False,True,True,True,False,False,False,"p_c1, V_c1, V_c2",ok,HARD
R290,R600a,0.7,30,110.0,convergence,,,,,,,,,,,,,,,,,,,,,,,,,,False,no_solve,TESPy did not converge,NOSOLVE
R290,R600a,0.7,40,110.0,Pcrit_c1,,,,,,,,,,,,,,,,,,,,,,,,,,False,no_solve,f1=R290: p_cond_c1=40.5 bar ≥ 0.95·p_crit=40.4 bar,NOSOLVE
R290,R600a,0.7,50,110.0,T_crit_c1,,,,,,,,,,,,,,,,,,,,,,,,,,False,no_solve,f1=R290: T_cond_c1=97.0 °C ≥ T_crit=96.7 °C,NOSOLVE
R290,R600a,0.7,60,110.0,T_crit_c1,,,,,,,,,,,,,,,,,,,,,,,,,,False,no_solve,f1=R290: T_cond_c1=100.0 °C ≥ T_crit=96.7 °C,NOSOLVE
R290,R600,0.3,20,110.0,,R290,R600,1114.82,0.5,1800.0,702.2,1615.2,175.61,363.1,567.06,1.0,1.966,0.485,5.65,19.89,72.7,4.58,20.23,115.0,True,True,True,True,False,False,False,"V_c1, V_c2",ok,V_ONLY
R290,R600,0.3,30,110.0,,R290,R600,1114.82,0.5,1800.0,612.9,1345.3,177.9,317.34,521.31,1.0,2.139,0.474,7.34,22.96,78.3,5.5,20.23,115.0,True,True,True,True,False,False,False,"V_c1, V_c2",ok,V_ONLY
R290,R600,0.3,40,110.0,,R290,R600,1114.82,0.5,1800.0,541.6,1126.0,179.71,273.49,477.05,1.0,2.337,0.459,9.39,26.38,84.3,6.54,20.23,115.4,True,True,True,True,False,False,False,"V_c1, V_c2",ok,V_ONLY
R290,R600,0.3,50,110.0,,R290,R600,1114.82,0.5,1800.0,485.0,946.5,181.46,231.58,434.77,1.0,2.564,0.439,11.84,30.16,90.7,7.72,20.23,115.9,False,True,True,True,False,False,False,"p_c1, V_c1, V_c2",ok,HARD
R290,R600,0.3,60,110.0,,R290,R600,1114.82,0.5,1800.0,440.9,798.7,183.8,191.62,395.18,1.0,2.821,0.412,14.74,34.36,97.4,9.06,20.23,116.6,False,True,True,True,False,False,False,"p_c1, V_c1, V_c2",ok,HARD
R290,R600,0.4,20,110.0,,R290,R600,1114.82,0.5,1800.0,801.7,1278.0,228.93,304.61,561.62,1.0,1.985,0.49,5.63,23.9,82.8,5.78,20.23,115.0,True,True,True,True,False,False,False,"V_c1, V_c2",ok,V_ONLY
R290,R600,0.4,30,110.0,,R290,R600,1114.82,0.5,1800.0,690.2,1098.1,227.02,267.38,520.42,1.0,2.142,0.475,7.34,26.89,87.3,6.7,20.23,115.5,True,True,True,True,False,False,False,"V_c1, V_c2",ok,V_ONLY
R290,R600,0.4,40,110.0,,R290,R600,1114.82,0.5,1800.0,602.7,946.5,224.68,231.58,480.27,1.0,2.321,0.456,9.4,30.16,92.3,7.72,20.23,115.9,False,True,True,True,False,False,False,"p_c1, V_c1, V_c2",ok,HARD
R290,R600,0.4,50,110.0,,R290,R600,1114.82,0.5,1800.0,534.2,818.1,222.36,197.21,441.66,1.0,2.524,0.432,11.87,33.73,97.6,8.86,20.23,116.5,False,True,True,True,False,False,False,"p_c1, V_c1, V_c2",ok,HARD
R290,R600,0.4,60,110.0,,R290,R600,1114.82,0.5,1800.0,481.3,708.9,220.71,164.28,405.26,1.0,2.751,0.401,14.79,37.64,103.3,10.12,20.23,117.0,False,True,True,True,False,False,False,"p_c1, V_c1, V_c2",ok,HARD
R290,R600,0.5,20,110.0,,R290,R600,1114.82,0.5,1800.0,913.0,1019.1,291.39,249.3,569.15,1.0,1.959,0.483,5.65,28.49,92.8,7.2,20.23,115.7,False,True,True,True,False,False,False,"p_c1, V_c1, V_c2",ok,HARD
R290,R600,0.5,30,110.0,,R290,R600,1114.82,0.5,1800.0,777.7,901.3,284.48,219.96,531.0,1.0,2.099,0.465,7.37,31.32,96.4,8.09,20.23,116.1,False,True,True,True,False,False,False,"p_c1, V_c1, V_c2",ok,HARD
R290,R600,0.5,40,110.0,,R290,R600,1114.82,0.5,1800.0,672.8,798.7,277.26,191.62,493.57,1.0,2.259,0.443,9.45,34.36,100.3,9.06,20.23,116.6,False,True,True,True,False,False,False,"p_c1, V_c1, V_c2",ok,HARD
R290,R600,0.5,50,110.0,,R290,R600,1114.82,0.5,1800.0,591.3,708.9,270.17,164.28,457.32,1.0,2.438,0.416,11.93,37.64,104.6,10.12,20.23,117.0,False,True,True,True,False,False,False,"p_c1, V_c1, V_c2",ok,HARD
R290,R600,0.5,60,110.0,convergence,,,,,,,,,,,,,,,,,,,,,,,,,,False,no_solve,TESPy did not converge,NOSOLVE
R290,R600,0.6,20,110.0,,R290,R600,1114.82,0.5,1800.0,1041.0,818.1,366.31,197.21,593.18,1.0,1.879,0.463,5.71,33.73,102.8,8.86,20.23,116.5,False,True,True,True,False,False,False,"p_c1, V_c1, V_c2",ok,HARD
R290,R600,0.6,30,110.0,,R290,R600,1114.82,0.5,1800.0,879.9,743.4,353.51,175.1,556.43,1.0,2.004,0.443,7.45,36.3,105.4,9.68,20.23,116.8,False,True,True,True,False,False,False,"p_c1, V_c1, V_c2",ok,HARD
R290,R600,0.6,40,110.0,,R290,R600,1114.82,0.5,1800.0,755.7,676.2,340.48,153.62,520.1,1.0,2.143,0.419,9.54,39.03,108.3,10.56,20.23,117.2,False,True,True,True,False,False,False,"p_c1, V_c1, V_c2",ok,HARD
R290,R600,0.6,50,110.0,convergence,,,,,,,,,,,,,,,,,,,,,,,,,,False,no_solve,TESPy did not converge,NOSOLVE
R290,R600,0.6,60,110.0,Pcrit_c1,,,,,,,,,,,,,,,,,,,,,,,,,,False,no_solve,f1=R290: p_cond_c1=41.2 bar ≥ 0.95·p_crit=40.4 bar,NOSOLVE
R290,R600,0.7,20,110.0,,R290,R600,1114.82,0.5,1800.0,1194.9,660.5,459.99,148.35,640.35,1.0,1.741,0.427,5.83,39.74,112.9,10.79,20.23,117.3,False,True,True,True,False,False,False,"p_c1, V_c1, V_c2",ok,HARD
R290,R600,0.7,30,110.0,convergence,,,,,,,,,,,,,,,,,,,,,,,,,,False,no_solve,TESPy did not converge,NOSOLVE
R290,R600,0.7,40,110.0,Pcrit_c1,,,,,,,,,,,,,,,,,,,,,,,,,,False,no_solve,f1=R290: p_cond_c1=40.5 bar ≥ 0.95·p_crit=40.4 bar,NOSOLVE
R290,R600,0.7,50,110.0,T_crit_c1,,,,,,,,,,,,,,,,,,,,,,,,,,False,no_solve,f1=R290: T_cond_c1=97.0 °C ≥ T_crit=96.7 °C,NOSOLVE
R290,R600,0.7,60,110.0,T_crit_c1,,,,,,,,,,,,,,,,,,,,,,,,,,False,no_solve,f1=R290: T_cond_c1=100.0 °C ≥ T_crit=96.7 °C,NOSOLVE
R1270,R600a,0.3,20,110.0,,R1270,R600a,1114.82,0.5,1800.0,532.7,1444.5,162.44,414.94,607.77,1.0,1.834,0.451,7.05,23.78,78.6,6.36,26.02,116.6,True,True,True,True,False,False,False,"V_c1, V_c2",ok,V_ONLY
R1270,R600a,0.3,30,110.0,,R1270,R600a,1114.82,0.5,1800.0,477.1,1207.7,167.85,361.03,556.71,1.0,2.003,0.443,9.08,27.39,83.8,7.55,26.02,116.9,True,True,True,True,False,False,False,"V_c1, V_c2",ok,V_ONLY
R1270,R600a,0.3,40,110.0,,R1270,R600a,1114.82,0.5,1800.0,431.5,1013.6,172.73,309.71,507.83,1.0,2.195,0.43,11.52,31.4,89.5,8.89,26.02,117.3,False,True,True,True,False,False,False,"p_c1, V_c1, V_c2",ok,HARD
R1270,R600a,0.3,50,110.0,,R1270,R600a,1114.82,0.5,1800.0,395.0,853.5,177.7,261.04,461.83,1.0,2.414,0.412,14.43,35.85,95.6,10.41,26.02,117.8,False,True,True,True,False,False,False,"p_c1, V_c1, V_c2",ok,HARD
R1270,R600a,0.3,60,110.0,,R1270,R600a,1114.82,0.5,1800.0,367.2,720.9,183.74,215.04,419.77,1.0,2.656,0.386,17.86,40.79,101.9,12.11,26.02,118.3,False,True,True,True,False,False,False,"p_c1, V_c1, V_c2",ok,HARD
R1270,R600a,0.4,20,110.0,,R1270,R600a,1114.82,0.5,1800.0,619.9,1148.3,216.75,346.1,592.47,1.0,1.882,0.464,7.0,28.5,89.8,7.92,26.02,117.0,False,True,True,True,False,False,False,"p_c1, V_c1, V_c2",ok,HARD
R1270,R600a,0.4,30,110.0,,R1270,R600a,1114.82,0.5,1800.0,544.9,988.8,218.2,302.59,548.21,1.0,2.034,0.45,9.05,32.01,93.8,9.1,26.02,117.4,False,True,True,True,False,False,False,"p_c1, V_c1, V_c2",ok,HARD
R1270,R600a,0.4,40,110.0,,R1270,R600a,1114.82,0.5,1800.0,485.5,853.5,219.29,261.04,505.61,1.0,2.205,0.432,11.51,35.85,98.2,10.41,26.02,117.8,False,True,True,True,False,False,False,"p_c1, V_c1, V_c2",ok,HARD
R1270,R600a,0.4,50,110.0,,R1270,R600a,1114.82,0.5,1800.0,439.0,738.4,220.68,221.45,465.4,1.0,2.395,0.409,14.45,40.05,103.1,11.85,26.02,118.2,False,True,True,True,False,False,False,"p_c1, V_c1, V_c2",ok,HARD
R1270,R600a,0.4,60,110.0,convergence,,,,,,,,,,,,,,,,,,,,,,,,,,False,no_solve,TESPy did not converge,NOSOLVE
R1270,R600a,0.5,20,110.0,,R1270,R600a,1114.82,0.5,1800.0,715.9,918.4,280.85,281.57,592.02,1.0,1.883,0.464,7.0,33.89,100.8,9.74,26.02,117.6,False,True,True,True,False,False,False,"p_c1, V_c1, V_c2",ok,HARD
R1270,R600a,0.5,30,110.0,,R1270,R600a,1114.82,0.5,1800.0,620.9,813.1,277.63,247.62,552.9,1.0,2.016,0.446,9.06,37.21,103.6,10.88,26.02,117.9,False,True,True,True,False,False,False,"p_c1, V_c1, V_c2",ok,HARD
R1270,R600a,0.5,40,110.0,,R1270,R600a,1114.82,0.5,1800.0,546.9,720.9,274.32,215.04,515.11,1.0,2.164,0.424,11.55,40.79,106.9,12.11,26.02,118.3,False,True,True,True,False,False,False,"p_c1, V_c1, V_c2",ok,HARD
R1270,R600a,0.5,50,110.0,convergence,,,,,,,,,,,,,,,,,,,,,,,,,,False,no_solve,TESPy did not converge,NOSOLVE
R1270,R600a,0.5,60,110.0,Pcrit_c1,,,,,,,,,,,,,,,,,,,,,,,,,,False,no_solve,f1=R1270: p_cond_c1=44.7 bar ≥ 0.95·p_crit=43.3 bar,NOSOLVE
R1270,R600a,0.6,20,110.0,,R1270,R600a,1114.82,0.5,1800.0,825.2,738.4,358.21,221.45,610.17,1.0,1.827,0.449,7.05,40.05,111.6,11.85,26.02,118.2,False,True,True,True,False,False,False,"p_c1, V_c1, V_c2",ok,HARD
R1270,R600a,0.6,30,110.0,,R1270,R600a,1114.82,0.5,1800.0,708.9,671.1,349.64,196.14,574.51,1.0,1.94,0.428,9.14,43.08,113.3,12.89,26.02,118.5,False,True,True,True,False,False,False,"p_c1, V_c1, V_c2",ok,HARD
R1270,R600a,0.6,40,110.0,,R1270,R600a,1114.82,0.5,1800.0,586.7,610.4,302.39,171.68,499.02,1.0,2.234,0.438,11.54,42.3,109.4,14.0,26.02,118.7,False,True,True,True,False,False,False,"p_c1, V_c1, V_c2",ok,HARD
R1270,R600a,0.6,50,110.0,Pcrit_c1,,,,,,,,,,,,,,,,,,,,,,,,,,False,no_solve,f1=R1270: p_cond_c1=45.5 bar ≥ 0.95·p_crit=43.3 bar,NOSOLVE
R1270,R600a,0.6,60,110.0,T_crit_c1,,,,,,,,,,,,,,,,,,,,,,,,,,False,no_solve,f1=R1270: T_cond_c1=95.0 °C ≥ T_crit=91.1 °C,NOSOLVE
R1270,R600a,0.7,20,110.0,,R1270,R600a,1114.82,0.5,1800.0,947.2,596.2,421.05,165.7,617.63,1.0,1.805,0.444,6.76,43.08,117.0,14.29,26.02,118.8,False,True,True,True,False,False,False,"p_c1, V_c1, V_c2",ok,HARD
R1270,R600a,0.7,30,110.0,Pcrit_c1,,,,,,,,,,,,,,,,,,,,,,,,,,False,no_solve,f1=R1270: p_cond_c1=45.5 bar ≥ 0.95·p_crit=43.3 bar,NOSOLVE
R1270,R600a,0.7,40,110.0,T_crit_c1,,,,,,,,,,,,,,,,,,,,,,,,,,False,no_solve,f1=R1270: T_cond_c1=94.0 °C ≥ T_crit=91.1 °C,NOSOLVE
R1270,R600a,0.7,50,110.0,T_crit_c1,,,,,,,,,,,,,,,,,,,,,,,,,,False,no_solve,f1=R1270: T_cond_c1=97.0 °C ≥ T_crit=91.1 °C,NOSOLVE
R1270,R600a,0.7,60,110.0,T_crit_c1,,,,,,,,,,,,,,,,,,,,,,,,,,False,no_solve,f1=R1270: T_cond_c1=100.0 °C ≥ T_crit=91.1 °C,NOSOLVE
R1270,R600,0.3,20,110.0,,R1270,R600,1114.82,0.5,1800.0,580.8,1615.2,176.73,363.1,568.24,1.0,1.962,0.484,6.93,23.78,78.9,4.58,20.23,115.0,True,True,True,True,False,False,False,"V_c1, V_c2",ok,V_ONLY
R1270,R600,0.3,30,110.0,,R1270,R600,1114.82,0.5,1800.0,510.9,1345.3,179.61,317.34,523.11,1.0,2.131,0.472,8.96,27.39,84.0,5.5,20.23,115.0,True,True,True,True,False,False,False,"V_c1, V_c2",ok,V_ONLY
R1270,R600,0.3,40,110.0,,R1270,R600,1114.82,0.5,1800.0,455.3,1126.0,182.31,273.49,479.79,1.0,2.324,0.456,11.4,31.4,89.6,6.54,20.23,115.4,False,True,True,True,False,False,False,"p_c1, V_c1, V_c2",ok,HARD
R1270,R600,0.3,50,110.0,,R1270,R600,1114.82,0.5,1800.0,411.7,946.5,185.41,231.58,438.93,1.0,2.54,0.435,14.31,35.85,95.6,7.72,20.23,115.9,False,True,True,True,False,False,False,"p_c1, V_c1, V_c2",ok,HARD
R1270,R600,0.3,60,110.0,,R1270,R600,1114.82,0.5,1800.0,379.0,798.7,189.87,191.62,401.57,1.0,2.776,0.405,17.75,40.79,102.0,9.06,20.23,116.6,False,True,True,True,False,False,False,"p_c1, V_c1, V_c2",ok,HARD
R1270,R600,0.4,20,110.0,,R1270,R600,1114.82,0.5,1800.0,660.6,1278.0,230.31,304.61,563.08,1.0,1.98,0.489,6.91,28.5,90.0,5.78,20.23,115.0,False,True,True,True,False,False,False,"p_c1, V_c1, V_c2",ok,HARD
R1270,R600,0.4,30,110.0,,R1270,R600,1114.82,0.5,1800.0,573.7,1098.1,229.36,267.38,522.88,1.0,2.132,0.473,8.95,32.01,93.9,6.7,20.23,115.5,False,True,True,True,False,False,False,"p_c1, V_c1, V_c2",ok,HARD
R1270,R600,0.4,40,110.0,,R1270,R600,1114.82,0.5,1800.0,505.9,946.5,228.37,231.58,484.16,1.0,2.303,0.452,11.42,35.85,98.3,7.72,20.23,115.9,False,True,True,True,False,False,False,"p_c1, V_c1, V_c2",ok,HARD
R1270,R600,0.4,50,110.0,,R1270,R600,1114.82,0.5,1800.0,453.5,818.1,228.0,197.21,447.59,1.0,2.491,0.426,14.35,40.05,103.2,8.86,20.23,116.5,False,True,True,True,False,False,False,"p_c1, V_c1, V_c2",ok,HARD
R1270,R600,0.4,60,110.0,convergence,,,,,,,,,,,,,,,,,,,,,,,,,,False,no_solve,TESPy did not converge,NOSOLVE
R1270,R600,0.5,20,110.0,,R1270,R600,1114.82,0.5,1800.0,749.5,1019.1,293.2,249.3,571.05,1.0,1.952,0.482,6.94,33.89,100.9,7.2,20.23,115.7,False,True,True,True,False,False,False,"p_c1, V_c1, V_c2",ok,HARD
R1270,R600,0.5,30,110.0,,R1270,R600,1114.82,0.5,1800.0,644.9,901.3,287.84,219.96,534.53,1.0,2.086,0.462,9.0,37.21,103.7,8.09,20.23,116.1,False,True,True,True,False,False,False,"p_c1, V_c1, V_c2",ok,HARD
R1270,R600,0.5,40,110.0,,R1270,R600,1114.82,0.5,1800.0,564.2,798.7,282.68,191.62,499.27,1.0,2.233,0.438,11.48,40.79,107.0,9.06,20.23,116.6,False,True,True,True,False,False,False,"p_c1, V_c1, V_c2",ok,HARD
R1270,R600,0.5,50,110.0,convergence,,,,,,,,,,,,,,,,,,,,,,,,,,False,no_solve,TESPy did not converge,NOSOLVE
R1270,R600,0.5,60,110.0,Pcrit_c1,,,,,,,,,,,,,,,,,,,,,,,,,,False,no_solve,f1=R1270: p_cond_c1=44.7 bar ≥ 0.95·p_crit=43.3 bar,NOSOLVE
R1270,R600,0.6,20,110.0,,R1270,R600,1114.82,0.5,1800.0,852.0,818.1,369.04,197.21,596.05,1.0,1.87,0.461,7.01,40.05,111.7,8.86,20.23,116.5,False,True,True,True,False,False,False,"p_c1, V_c1, V_c2",ok,HARD
R1270,R600,0.6,30,110.0,,R1270,R600,1114.82,0.5,1800.0,728.3,743.4,358.68,175.1,561.87,1.0,1.984,0.438,9.1,43.08,113.4,9.68,20.23,116.8,False,True,True,True,False,False,False,"p_c1, V_c1, V_c2",ok,HARD
R1270,R600,0.6,40,110.0,,R1270,R600,1114.82,0.5,1800.0,597.9,676.2,308.18,153.62,486.1,1.0,2.293,0.45,11.54,42.3,109.4,10.56,20.23,117.2,False,True,True,True,False,False,False,"p_c1, V_c1, V_c2",ok,HARD
R1270,R600,0.6,50,110.0,Pcrit_c1,,,,,,,,,,,,,,,,,,,,,,,,,,False,no_solve,f1=R1270: p_cond_c1=45.5 bar ≥ 0.95·p_crit=43.3 bar,NOSOLVE
R1270,R600,0.6,60,110.0,T_crit_c1,,,,,,,,,,,,,,,,,,,,,,,,,,False,no_solve,f1=R1270: T_cond_c1=95.0 °C ≥ T_crit=91.1 °C,NOSOLVE
R1270,R600,0.7,20,110.0,,R1270,R600,1114.82,0.5,1800.0,964.5,660.5,428.75,148.35,607.47,1.0,1.835,0.452,6.76,43.08,117.0,10.79,20.23,117.3,False,True,True,True,False,False,False,"p_c1, V_c1, V_c2",ok,HARD
R1270,R600,0.7,30,110.0,Pcrit_c1,,,,,,,,,,,,,,,,,,,,,,,,,,False,no_solve,f1=R1270: p_cond_c1=45.5 bar ≥ 0.95·p_crit=43.3 bar,NOSOLVE
R1270,R600,0.7,40,110.0,T_crit_c1,,,,,,,,,,,,,,,,,,,,,,,,,,False,no_solve,f1=R1270: T_cond_c1=94.0 °C ≥ T_crit=91.1 °C,NOSOLVE
R1270,R600,0.7,50,110.0,T_crit_c1,,,,,,,,,,,,,,,,,,,,,,,,,,False,no_solve,f1=R1270: T_cond_c1=97.0 °C ≥ T_crit=91.1 °C,NOSOLVE
R1270,R600,0.7,60,110.0,T_crit_c1,,,,,,,,,,,,,,,,,,,,,,,,,,False,no_solve,f1=R1270: T_cond_c1=100.0 °C ≥ T_crit=91.1 °C,NOSOLVE
R717,R600a,0.3,20,110.0,,R717-LP,R600a,1114.82,0.5,1800.0,456.1,1444.5,152.15,414.94,596.93,1.0,1.868,0.46,5.4,24.28,148.0,6.36,26.02,116.6,True,True,True,True,False,False,False,"V_c1, V_c2",ok,V_ONLY
R717,R600a,0.3,30,110.0,,R717-HP,R600a,1114.82,0.5,1800.0,380.0,1207.7,153.99,361.03,542.13,1.0,2.056,0.455,7.39,28.79,144.8,7.55,26.02,116.9,True,True,True,True,False,False,False,"V_c1, V_c2",ok,V_ONLY
R717,R600a,0.3,40,110.0,,R717-HP,R600a,1114.82,0.5,1800.0,319.8,1013.6,154.52,309.71,488.67,1.0,2.281,0.448,9.91,33.89,142.8,8.89,26.02,117.3,True,True,True,True,False,False,False,"V_c1, V_c2",ok,V_ONLY
R717,R600a,0.3,50,110.0,,R717-HP,R600a,1114.82,0.5,1800.0,271.8,853.5,153.9,261.04,436.78,1.0,2.552,0.437,13.05,39.64,141.8,10.41,26.02,117.8,True,True,True,True,False,False,False,"V_c1, V_c2",ok,V_ONLY
R717,R600a,0.3,60,110.0,,R717-HP,R600a,1114.82,0.5,1800.0,233.1,720.9,152.28,215.04,386.66,1.0,2.883,0.421,16.92,46.1,141.6,12.11,26.02,118.3,True,True,True,True,False,False,False,"V_c1, V_c2",ok,V_ONLY
R717,R600a,0.4,20,110.0,,R717-HP,R600a,1114.82,0.5,1800.0,505.3,1148.3,196.89,346.1,571.57,1.0,1.95,0.481,5.32,30.18,172.1,7.92,26.02,117.0,True,True,True,True,False,False,False,"V_c1, V_c2",ok,V_ONLY
R717,R600a,0.4,30,110.0,,R717-HP,R600a,1114.82,0.5,1800.0,413.0,988.8,193.72,302.59,522.44,1.0,2.134,0.473,7.32,34.67,165.2,9.1,26.02,117.4,True,True,True,True,False,False,False,"V_c1, V_c2",ok,V_ONLY
R717,R600a,0.4,40,110.0,,R717-HP,R600a,1114.82,0.5,1800.0,342.1,853.5,189.33,261.04,474.07,1.0,2.352,0.462,9.84,39.64,159.8,10.41,26.02,117.8,True,True,True,True,False,False,False,"V_c1, V_c2",ok,V_ONLY
R717,R600a,0.4,50,110.0,,R717-HP,R600a,1114.82,0.5,1800.0,286.9,738.4,183.83,221.45,426.61,1.0,2.613,0.448,13.0,45.13,155.7,11.85,26.02,118.2,True,True,True,True,False,False,False,"V_c1, V_c2",ok,V_ONLY
R717,R600a,0.4,60,110.0,,R717-HP,R600a,1114.82,0.5,1800.0,243.3,640.0,177.39,183.8,380.2,1.0,2.932,0.429,16.87,51.16,152.8,13.44,26.02,118.6,False,True,True,True,False,False,False,"p_c1, V_c1, V_c2",ok,HARD
R717,R600a,0.5,20,110.0,,R717-HP,R600a,1114.82,0.5,1800.0,551.2,918.4,245.08,281.57,554.37,1.0,2.011,0.497,5.27,37.1,195.5,9.74,26.02,117.6,True,True,False,True,False,False,False,"T_c1, V_c1, V_c2",ok,HARD
R717,R600a,0.5,30,110.0,,R717-HP,R600a,1114.82,0.5,1800.0,444.0,813.1,236.2,247.62,509.29,1.0,2.189,0.486,7.27,41.41,185.1,10.88,26.02,117.9,True,True,False,True,False,False,False,"T_c1, V_c1, V_c2",ok,HARD
R717,R600a,0.5,40,110.0,,R717-HP,R600a,1114.82,0.5,1800.0,363.3,720.9,226.27,215.04,464.53,1.0,2.4,0.472,9.8,46.1,176.5,12.11,26.02,118.3,True,True,True,True,False,False,False,"V_c1, V_c2",ok,V_ONLY
R717,R600a,0.5,50,110.0,,R717-HP,R600a,1114.82,0.5,1800.0,301.4,640.0,215.4,183.8,420.22,1.0,2.653,0.455,12.96,51.16,169.5,13.44,26.02,118.6,False,True,True,True,False,False,False,"p_c1, V_c1, V_c2",ok,HARD
R717,R600a,0.5,60,110.0,,R717-HP,R600a,1114.82,0.5,1800.0,253.3,568.8,203.71,153.89,376.42,1.0,2.962,0.433,16.85,56.64,163.8,14.87,26.02,118.9,False,True,True,True,False,False,False,"p_c1, V_c1, V_c2",ok,HARD
R717,R600a,0.6,20,110.0,,R717-HP,R600a,1114.82,0.5,1800.0,593.6,738.4,296.29,221.45,544.99,1.0,2.046,0.506,5.25,45.13,218.2,11.85,26.02,118.2,True,True,False,True,False,False,False,"T_c1, V_c1, V_c2",ok,HARD
R717,R600a,0.6,30,110.0,,R717-HP,R600a,1114.82,0.5,1800.0,473.2,671.1,281.18,196.14,502.45,1.0,2.219,0.493,7.24,49.09,204.5,12.89,26.02,118.5,True,True,False,True,False,False,False,"T_c1, V_c1, V_c2",ok,HARD
R717,R600a,0.6,40,110.0,,R717-HP,R600a,1114.82,0.5,1800.0,383.5,610.4,265.26,171.68,459.94,1.0,2.424,0.477,9.78,53.3,192.9,14.0,26.02,118.7,False,True,False,True,False,False,False,"p_c1, T_c1, V_c1, V_c2",ok,HARD
R717,R600a,0.6,50,110.0,,R717-HP,R600a,1114.82,0.5,1800.0,315.5,555.6,248.6,148.06,417.54,1.0,2.67,0.458,12.95,57.79,183.0,15.17,26.02,119.0,False,True,False,True,False,False,False,"p_c1, T_c1, V_c1, V_c2",ok,HARD
R717,R600a,0.6,60,110.0,,R717-HP,R600a,1114.82,0.5,1800.0,263.0,505.9,231.27,125.26,375.29,1.0,2.971,0.435,16.84,62.55,174.8,16.42,26.02,119.3,False,True,True,True,False,False,False,"p_c1, V_c1, V_c2",ok,HARD
R717,R600a,0.7,20,110.0,,R717-HP,R600a,1114.82,0.5,1800.0,632.7,596.2,350.28,165.7,543.14,1.0,2.053,0.508,5.24,54.4,240.1,14.29,26.02,118.8,False,True,False,True,False,False,False,"p_c1, T_c1, V_c1, V_c2",ok,HARD
R717,R600a,0.7,30,110.0,,R717-HP,R600a,1114.82,0.5,1800.0,500.6,555.6,328.6,148.06,501.75,1.0,2.222,0.493,7.24,57.79,223.4,15.17,26.02,119.0,False,True,False,True,False,False,False,"p_c1, T_c1, V_c1, V_c2",ok,HARD
R717,R600a,0.7,40,110.0,,R717-HP,R600a,1114.82,0.5,1800.0,402.9,517.9,306.32,130.89,460.22,1.0,2.422,0.477,9.78,61.33,208.9,16.1,26.02,119.2,False,True,False,True,False,False,False,"p_c1, T_c1, V_c1, V_c2",ok,HARD
R717,R600a,0.7,50,110.0,,R717-HP,R600a,1114.82,0.5,1800.0,329.2,482.9,283.48,114.16,418.58,1.0,2.663,0.457,12.95,65.04,196.4,17.07,26.02,119.4,False,True,False,True,False,False,False,"p_c1, T_c1, V_c1, V_c2",ok,HARD
R717,R600a,0.7,60,110.0,,R717-HP,R600a,1114.82,0.5,1800.0,272.7,450.4,260.13,97.89,376.86,1.0,2.958,0.433,16.85,68.92,185.6,18.08,26.02,119.5,False,True,False,True,False,False,False,"p_c1, T_c1, V_c1, V_c2",ok,HARD
R717,R600,0.3,20,110.0,,R717-LP,R600,1114.82,0.5,1800.0,498.6,1615.2,165.55,363.1,556.47,1.0,2.003,0.495,5.28,24.28,149.5,4.58,20.23,115.0,True,True,True,True,False,False,False,"V_c1, V_c2",ok,V_ONLY
R717,R600,0.3,30,110.0,,R717-HP,R600,1114.82,0.5,1800.0,407.7,1345.3,164.81,317.34,507.53,1.0,2.197,0.488,7.26,28.79,145.9,5.5,20.23,115.0,True,True,True,True,False,False,False,"V_c1, V_c2",ok,V_ONLY
R717,R600,0.3,40,110.0,,R717-HP,R600,1114.82,0.5,1800.0,337.9,1126.0,163.12,273.49,459.59,1.0,2.426,0.477,9.78,33.89,143.6,6.54,20.23,115.4,True,True,True,True,False,False,False,"V_c1, V_c2",ok,V_ONLY
R717,R600,0.3,50,110.0,,R717-HP,R600,1114.82,0.5,1800.0,283.6,946.5,160.61,231.58,412.83,1.0,2.7,0.464,12.92,39.64,142.4,7.72,20.23,115.9,True,True,True,True,False,False,False,"V_c1, V_c2",ok,V_ONLY
R717,R600,0.3,60,110.0,,R717-HP,R600,1114.82,0.5,1800.0,240.8,798.7,157.4,191.62,367.39,1.0,3.034,0.444,16.79,46.1,142.1,9.06,20.23,116.6,True,True,True,True,False,False,False,"V_c1, V_c2",ok,V_ONLY
R717,R600,0.4,20,110.0,,R717-HP,R600,1114.82,0.5,1800.0,539.7,1278.0,209.25,304.61,540.91,1.0,2.061,0.51,5.24,30.18,173.3,5.78,20.23,115.0,True,True,True,True,False,False,False,"V_c1, V_c2",ok,V_ONLY
R717,R600,0.4,30,110.0,,R717-HP,R600,1114.82,0.5,1800.0,435.5,1098.1,203.67,267.38,495.84,1.0,2.248,0.5,7.22,34.67,166.1,6.7,20.23,115.5,True,True,True,True,False,False,False,"V_c1, V_c2",ok,V_ONLY
R717,R600,0.4,40,110.0,,R717-HP,R600,1114.82,0.5,1800.0,356.9,946.5,197.21,231.58,451.35,1.0,2.47,0.487,9.74,39.64,160.5,7.72,20.23,115.9,True,True,True,True,False,False,False,"V_c1, V_c2",ok,V_ONLY
R717,R600,0.4,50,110.0,,R717-HP,R600,1114.82,0.5,1800.0,296.6,818.1,189.98,197.21,407.57,1.0,2.735,0.47,12.89,45.13,156.3,8.86,20.23,116.5,True,True,True,True,False,False,False,"V_c1, V_c2",ok,V_ONLY
R717,R600,0.4,60,110.0,,R717-HP,R600,1114.82,0.5,1800.0,249.7,708.9,182.08,164.28,364.59,1.0,3.058,0.448,16.77,51.16,153.2,10.12,20.23,117.0,False,True,True,True,False,False,False,"p_c1, V_c1, V_c2",ok,HARD
R717,R600,0.5,20,110.0,,R717-HP,R600,1114.82,0.5,1800.0,578.1,1019.1,255.93,249.3,531.82,1.0,2.096,0.519,5.21,37.1,196.4,7.2,20.23,115.7,True,True,False,True,False,False,False,"T_c1, V_c1, V_c2",ok,HARD
R717,R600,0.5,30,110.0,,R717-HP,R600,1114.82,0.5,1800.0,461.9,901.3,244.95,219.96,489.38,1.0,2.278,0.506,7.19,41.41,185.8,8.09,20.23,116.1,True,True,False,True,False,False,False,"T_c1, V_c1, V_c2",ok,HARD
R717,R600,0.5,40,110.0,,R717-HP,R600,1114.82,0.5,1800.0,375.2,798.7,233.23,191.62,447.22,1.0,2.493,0.491,9.72,46.1,177.0,9.06,20.23,116.6,True,True,True,True,False,False,False,"V_c1, V_c2",ok,V_ONLY
R717,R600,0.5,50,110.0,,R717-HP,R600,1114.82,0.5,1800.0,309.4,708.9,220.85,164.28,405.41,1.0,2.75,0.472,12.88,51.16,169.9,10.12,20.23,117.0,False,True,True,True,False,False,False,"p_c1, V_c1, V_c2",ok,HARD
R717,R600,0.5,60,110.0,,R717-HP,R600,1114.82,0.5,1800.0,258.5,630.3,207.89,137.93,364.02,1.0,3.063,0.449,16.76,56.64,164.2,11.26,20.23,117.5,False,True,True,True,False,False,False,"p_c1, V_c1, V_c2",ok,HARD
R717,R600,0.6,20,110.0,,R717-HP,R600,1114.82,0.5,1800.0,613.9,818.1,305.34,197.21,529.0,1.0,2.107,0.522,5.2,45.13,218.8,8.86,20.23,116.5,True,True,False,True,False,False,False,"T_c1, V_c1, V_c2",ok,HARD
R717,R600,0.6,30,110.0,,R717-HP,R600,1114.82,0.5,1800.0,486.9,743.4,288.54,175.1,488.05,1.0,2.284,0.508,7.19,49.09,205.0,9.68,20.23,116.8,True,True,False,True,False,False,False,"T_c1, V_c1, V_c2",ok,HARD
R717,R600,0.6,40,110.0,,R717-HP,R600,1114.82,0.5,1800.0,392.8,676.2,271.17,153.62,447.15,1.0,2.493,0.491,9.72,53.3,193.3,10.56,20.23,117.2,False,True,False,True,False,False,False,"p_c1, T_c1, V_c1, V_c2",ok,HARD
R717,R600,0.6,50,110.0,,R717-HP,R600,1114.82,0.5,1800.0,321.8,615.7,253.26,132.78,406.36,1.0,2.743,0.471,12.88,57.79,183.4,11.5,20.23,117.6,False,True,False,True,False,False,False,"p_c1, T_c1, V_c1, V_c2",ok,HARD
R717,R600,0.6,60,110.0,,R717-HP,R600,1114.82,0.5,1800.0,267.3,561.1,234.86,112.57,365.72,1.0,3.048,0.446,16.77,62.55,175.0,12.49,20.23,118.0,False,True,True,True,False,False,False,"p_c1, V_c1, V_c2",ok,HARD
R717,R600,0.7,20,110.0,,R717-HP,R600,1114.82,0.5,1800.0,647.2,660.5,357.39,148.35,532.36,1.0,2.094,0.518,5.21,54.4,240.6,10.79,20.23,117.3,False,True,False,True,False,False,False,"p_c1, T_c1, V_c1, V_c2",ok,HARD
R717,R600,0.7,30,110.0,,R717-HP,R600,1114.82,0.5,1800.0,510.5,615.7,334.45,132.78,491.82,1.0,2.267,0.504,7.2,57.79,223.7,11.5,20.23,117.6,False,True,False,True,False,False,False,"p_c1, T_c1, V_c1, V_c2",ok,HARD
R717,R600,0.7,40,110.0,,R717-HP,R600,1114.82,0.5,1800.0,409.7,574.2,311.07,117.56,451.19,1.0,2.471,0.487,9.74,61.33,209.2,12.24,20.23,117.9,False,True,False,True,False,False,False,"p_c1, T_c1, V_c1, V_c2",ok,HARD
R717,R600,0.7,50,110.0,,R717-HP,R600,1114.82,0.5,1800.0,333.9,535.8,287.27,102.7,410.5,1.0,2.716,0.466,12.91,65.04,196.6,13.01,20.23,118.1,False,True,False,True,False,False,False,"p_c1, T_c1, V_c1, V_c2",ok,HARD
R717,R600,0.7,60,110.0,,R717-HP,R600,1114.82,0.5,1800.0,275.9,500.1,263.09,88.19,369.77,1.0,3.015,0.441,16.8,68.92,185.7,13.82,20.23,118.4,False,True,False,True,False,False,False,"p_c1, T_c1, V_c1, V_c2",ok,HARD
